# Law-enforcement aircraft by ICAO 24-bit address (hex), registration, registered owner, type.
# Sources: FAA Aircraft Registry (public domain) and Transport Canada CCARCS (open data), 2026-10-05.
# Owners matched on police / sheriff / patrol / public safety / customs / border / federal agency names.
a00137	N1NJ	C/O DEPT OF LAW AND PUBLIC SAFETY (STATE OF NEW JERSEY)	AGUSTA AEROSPACE CORP AW139
a00196	N1SD	PINELLAS COUNTY SHERIFFS OFFICE	AIRBUS HELICOPTERS INC AS350B2
a001a0	N1SP	DIV OF SAFETY AND HOMELAND SECURITY (STATE OF DELAWARE)	BELL HELICOPTER TEXTRON CANADA 429
a002a3	N10CX	ALAMEDA COUNTY SHERIFFS OFFICE	CESSNA 206H
a003f9	N10SP	DEPARTMENT OF KENTUCKY STATE POLICE (STATE OF KENTUCKY)	BELL 206L-3
a00504	N100DE	MARSHALL COUNTY SHERIFF DEPT	BELL OH-58A
a00808	N1007G	DEPARTMENT OF HOMELAND SECURITY	AIRBUS HELICOPTERS INC AS350B3
a00a21	N101TN	HILLSBOROUGH COUNTY SHERIFFS OFFICE	TEXTRON AVIATION INC 208
a00d2a	N102LP	WASHINGTON STATE PATROL	CESSNA 182T
a00fa3	N1028S	ST JOHNS COUNTY SHERIFFS OFFICE	BELL HELICOPTER TEXTRON CANADA 407
a00ff1	N103AZ	SALT RIVER POLICE DEPT	YUNEEC TYPHOON Q500
a010af	N103JP	CITY OF JACKSONVILLE SHERIFFS OFFICE	BELL TEXTRON CANADA LTD 407
a0127d	N1032F	WASHOE COUNTY SHERIFFS OFFICE	BELL OH-58A
a0175f	N105AZ	SALT RIVER POLICE DEPARTMENT	YUNEEC BREEZE
a018e5	N105SP	CT STATE POLICE/AVIATION SECTION (DEPARTMENT OF EMERGENCY SVCS & PUBLI	CESSNA 182R
a01d92	N10610	SHELBYVILLE POLICE DEP	DJI MAVIC 3
a02053	N107SP	DIVISION OF STATE POLICE (DEPARTMENT OF EMERGENCY SVC & PUBLIC PROTECT	CESSNA 182R
a022b0	N108CT	DEPARTMENT OF HOMELAND SECURITY	CESSNA 206H
a022e9	N108F	DEPT OF HOMELAND SECURITY	HAWKER BEECHCRAFT CORP B300C
a0240a	N108SP	DALE COUNTY SHERIFFS OFFICE	CESSNA 182M
a02566	N1084X	JEFFERSON COUNTY SHERIFFS OFFICE	BELL 206B
a02598	N1086B	DEPARTMENT OF PUBLIC SAFETY (STATE OF ALASKA)	ROBINSON HELICOPTER COMPANY R44 II
a0263f	N109BC	BROWARD COUNTY SHERIFFS OFFICE	EUROCOPTER DEUTSCHLAND GMBH EC135T1
a026e0	N109HP	FLORIDA HIGHWAY PATROL	TEXTRON AVIATION INC 208B
a028c4	N1092C	STATE OF ALASKA DEPARTMENT OF PUBLIC SAFETY	ROBINSON HELICOPTER COMPANY R44 II
a02b6e	N11SD	HARRIS COUNTY SHERIFFS OFFICE	CIRRUS DESIGN CORP SR22
a02b78	N11SP	DIVISION OF STATE POLICE (STATE OF NEW YORK)	BELL 407
a02cb3	N110FC	BREVARD COUNTY SHERIFFS OFFICE	BELL OH-58A
a02dc7	N110SD	PINAL COUNTY SHERIFF DEPT	BELL UH-1V
a030c3	N111JS	LIVINGSTON PARISH SHERIFF DEPT	BELL OH-58C
a03188	N111SP	DEPARTMENT OF STATE POLICE (STATE OF MICHIGAN)	BELL 206L-3
a0340c	N112EG	ALACHUA COUNTY SHERIFFS OFFICE	BELL OH-58A
a0353f	N112SP	MINNESOTA DEPARTMENT OF PUBLIC SAFETY	TEXTRON AVIATION INC 182T
a03815	N113HP	DEPARTMENT OF PUBLIC SAFETY (STATE OF OHIO)	CESSNA 182T
a038a1	N113PD	BREVARD COUNTY SHERIFF OFFICE	BELL OH-58A
a03a8c	N1136K	SCOTTSDALE POLICE DEPT	DJI MAVIC PRO PLATINUM
a03b59	N114CZ	MINNESOTA DEPARTMENT OF PUBLIC SAFETY	CESSNA 182R
a03e97	N1148Z	OSCEOLA COUNTY SHERIFFS OFFICE	BELL OH-58A
a03f75	N115H	DEPARTMENT OF HOMELAND SECURITY	TEXTRON AVIATION INC B300C
a0400f	N115PD	SALT RIVER POLICE DEPARTMENT	DJI MATRICE 300 RTK
a04064	N115SP	MINNESOTA STATE PATROL	CIRRUS DESIGN CORP SR22
a043a9	N116N	DEPARTMENT OF HOMELAND SECURITY	TEXTRON AVIATION INC B300C
a046c3	N117FT	LA PAZ CO SHERIFFS DEPT	BELL OH-58C
a04a1e	N118CA	POLICE SCIENCE INSTITUTE INC	CUBCRAFTERS INC CC11-160
a04b7f	N118SD	PINAL COUNTY SHERIFFS OFFICE	BELL OH-58
a04b89	N118SP	MINNESOTA STATE PATROL	BELL 407
a04ee5	N119NY	DEPARTMENT OF ENVIRONMENTAL PROTECTION POLICE (CITY OF NEW YORK)	AGUSTAWESTLAND PHILADELPHIA CO AW119MKII
a05216	N12HP	DEPT OF PUBLIC SAFETY (STATE OF OHIO)	CESSNA 182T
a05293	N12NP	N J POLICE DEPT (CITY OF NEWARK)	BELL OH-58
a052f7	N12SP	NEW YORK STATE POLICE	BELL 430
a053e1	N120BX	BAXTER COUNTY SHERIFFS DEPARTMENT	BELL OH-58A
a054f5	N120NY	DEPARTMENT OF ENVIRONMENTAL PROTECTION POLICE (CITY OF NEW YORK)	AGUSTAWESTLAND PHILADELPHIA CO AW119MKII
a05545	N120SC	ST CHARLES PARISH SHERIFFS OFFICE	DJI AVATA
a06006	N123NC	NORTH CAROLINA STATE HIGHWAY PATROL	BELL 206A
a0642c	N124SP	MINNESOTA STATE PATROL	CIRRUS DESIGN CORP SR22
a0644d	N124TX	TEXAS DEPARTMENT OF PUBLIC SAFETY	EUROCOPTER AS 350 B2
a06653	N125AP	AUSTIN POLICE DEPT	AIRBUS HELICOPTERS INC AS350B3
a06cce	N1263S	ALABAMA LAW ENFORCEMENT AGENCY	CESSNA 182P
a07232	N128J	DEPARTMENT OF HOMELAND SECURITY	TEXTRON AVIATION INC B300C
a076bf	N129SP	NEW YORK STATE POLICE	BELL UH-1H
a07a6c	N13SD	SNOHOMISH COUNTY SHERIFFS OFFICE	HUGHES 369A
a07a76	N13SP	NEW YORK STATE POLICE	CESSNA 172H
a07c86	N130PR	PUERTO RICO POLICE DEPARTMENT	HAWKER BEECHCRAFT CORP G58
a07da8	N13006	DEPARTMENT OF HOMELAND SECURITY	SIKORSKY UH-60A
a0807c	N131SD	BENTON COUNTY SHERIFFS DEPARTMENT	BELL OH-58A
a08577	N1323Y	DEPT OF PUBLIC SAFETY (STATE OF ALASKA)	CESSNA 208
a08ba1	N134SD	BENTON COUNTY SHERIFFS OFFICE	BELL OH-58A
a0944d	N1363S	ALABAMA LAW ENFORCEMENT AGENCY	CESSNA 182P
a095ef	N137HP	CALIFORNIA HIGHWAY PATROL	GIPPSAERO PTY LTD GA8 TC-320
a0967b	N137PD	PUERTO RICO POLICE DEPARTMENT	BELL 407
a09a32	N138PD	PUERTO RICO POLICE DEPARTMENT	BELL 407
a09c14	N1386A	DEPT OF PUBLIC SAFETY ALASKA WILDLIFE TROOPERS (STATE OF ALASKA)	PIPER PA-18-125
a09d5d	N139HP	CALIFORNIA HIGHWAY PATROL	GIPPSAERO PTY LTD GA8 TC-320
a09de9	N139PD	PUERTO RICO POLICE DEPT	BELL 407
a0a1eb	N14SD	LAKE COUNTY SHERIFFS OFFICE	BELL UH-1H
a0a36d	N140HP	CALIFORNIA HIGHWAY PATROL	GIPPSAERO PTY LTD GA8 TC-320
a0aa61	N142CS	US CUSTOMS & BORDER PROTECTION	LOCKHEED P3B
a0abb1	N142SC	SPARTANBURG COUNTY SHERIFFS OFFICE	HUGHES 369A
a0acf4	N1423W	MARICOPA COUNTY SHERIFFS OFFICE	CESSNA T206H
a0ae18	N143CS	US CUSTOMS & BORDER PROTECTION	LOCKHEED P3B
a0af01	N143N	DEPARTMENT OF HOMELAND SECURITY	TEXTRON AVIATION INC B300C
a0b1cf	N144CS	US CUSTOMS & BORDER PROTECTION	LOCKHEED P3B
a0b5a2	N145DV	LAS VEGAS METROPOLITAN POLICE DEPARTMENT	AIRBUS HELICOPTERS DEUTSCHLAND MBB-BK 11
a0b693	N145PL	DEPARTMENT OF PUBLIC SAFETY ACFT SECTION (STATE OF ALASKA)	CESSNA U206G
a0b702	N145TX	TEXAS DEPARTMENT OF PUBLIC SAFETY	EUROCOPTER DEUTSCHLAND GMBH MBB-BK 117 C
a0b93d	N146CS	UNITED STATES CUSTOMS AND BORDER PROTECTION	LOCKHEED P3B
a0bcf4	N147CS	UNITED STATES CUSTOMS AND BORDER PROTECTION	LOCKHEED P3B
a0bf9a	N1474E	SUFFOLK COUNTY POLICE PILOTS ASSOC	CESSNA 172N
a0c0ab	N148CS	UNITED STATES CUSTOMS AND BORDER PROTECTION	LOCKHEED P3B
a0c462	N149CS	US CUSTOMS & BORDER PROTECTION	LOCKHEED P3B
a0cea3	N151HP	MONTANA HIGHWAY PATROL	BELL OH-58A
a0cf3b	N151PR	CITRUS COUNTY SHERIFFS OFFICE	BELL OH-58C
a0cf44	N151Q	DEPARTMENT OF HOMELAND SECURITY	BEECHCRAFT CORP B300C
a0d611	N153HP	CALIFORNIA HIGHWAY PATROL	GIPPSAERO PTY LTD GA8 TC-320
a0d69d	N153PD	ANNE ARUNDEL COUNTY POLICE DEPARTMENT	BELL OH-58A
a0d6e8	N153SD	JACKSON COUNTY SHERIFFS DEPT	BELL OH-58C
a0da54	N154PD	ANNE ARUNDEL COUNTY POLICE DEPARTMENT	BELL OH-58A
a0da9c	N154SA	ALABAMA LAW ENFORCEMENT AGENCY	BELL OH-58A
a0dcda	N155AZ	COCONINO COUNTY SHERIFFS OFFICE	CESSNA 182Q
a0de53	N155SA	ALABAMA LAW ENFORCEMENT AGENCY	BELL OH-58A
a0de56	N155SD	JACKSON COUNTY SHERIFFS DEPT	BELL OH-58C
a0e136	N156HP	CALIFORNIA HIGHWAY PATROL	GIPPSAERO PTY LTD GA8 TC-320
a0e5c1	N157SA	ALABAMA LAW ENFORCEMENT AGENCY	BELL OH-58A
a0e760	N1576F	CITY OF HOUSTON POLICE DEPT	MD HELICOPTERS INC 369FF
a0e834	N158DB	PALM BEACH COUNTY SHERIFFS OFFICE	BELL HELICOPTER TEXTRON CANADA 429
a0e8e6	N158LE	COLLIER COUNTY SHERIFFS OFFICE	BELL OH-58C
a0e93d	N158PS	GREENVILLE COUNTY SHERIFFS OFFICE	BELL OH-58C
a0e978	N158SA	ALABAMA LAW ENFORCEMENT AGENCY	BELL OH-58A
a0ec5b	N159HP	CALIFORNIA HIGHWAY PATROL	GIPPSAERO PTY LTD GA8 TC-320
a0ed2f	N159SA	ALABAMA LAW ENFORCEMENT AGENCY	BELL OH-58A
a0f0f3	N16SP	DIVISION OF STATE POLICE (STATE OF NEW YORK)	BELL 407
a0f33f	N160SA	ALABAMA LAW ENFORCEMENT AGENCY	BELL OH-58A
a0f740	N161V	DEPARTMENT OF HOMELAND SECURITY	HAWKER BEECHCRAFT CORP B300C
a0f9b2	N162G	DEPARTMENT OF HOMELAND SECURITY	TEXTRON AVIATION INC B300C
a0fabe	N162ST	DEPARTMENT OF STATE POLICE (STATE OF MICHIGAN)	BEECH E-90
a1016b	N164K	MEMPHIS POLICE DEPARTMENT	BELL 206B
a10aec	N1664R	MONTANA HIGHWAY PATROL DIVISION (STATE OF MONTANA)	CESSNA R182
a10bb2	N167AC	ALACHUA COUNTY SHERIFFS OFFICE	BELL OH-58A
a10be1	N167C	DEPARTMENT OF HOMELAND SECURITY	TEXTRON AVIATION INC B300C
a11791	N17HP	STATE OF OHIO DEPT OF PUBLIC SAFETY	CESSNA 182T
a11872	N17SP	NEW YORK STATE POLICE	BELL 407
a11de3	N171LE	MONTGOMERY COUNTY SHERIFFS OFFICE	AERYON LABS INC SKY RANGER
a11e2d	N171PD	SUFFOLK COUNTY POLICE DEPT	EUROCOPTER DEUTSCHLAND GMBH MBB-BK 117 C
a11e75	N171SA	ALABAMA LAW ENFORCEMENT AGENCY	BELL OH-58A
a11e82	N171SP	STATE OF IOWA - IOWA STATE PATROL	CESSNA 182T
a120a0	N172AE	US DEPARTMENT OF HOMELAND SECURITY	EUROCOPTER AS 350 B3
a123f3	N1727L	TEXAS DEPARTMENT OF PUBLIC SAFETY	CESSNA T206H
a1246b	N173B	DEPT OF HOMELAND SECURITY	TEXTRON AVIATION INC B300C
a125e3	N173SA	ALABAMA LAW ENFORCEMENT AGENCY	BELL OH-58
a127e1	N17386	OREGON STATE POLICE	CESSNA T206H
a129a7	N174SP	NEW YORK STATE POLICE	BELL UH-1H
a129ab	N174ST	MICHIGAN STATE POLICE	CESSNA T206H
a12b3e	N1746L	NEBRASKA STATE PATROL	CESSNA T206H
a12c8b	N175JC	SACRAMENTO COUNTY SHERIFFS OFFICE	SOCATA TBM 700
a12d53	N175SC	SEMINOLE COUNTY SHERIFFS OFFICE	AIRBUS HELICOPTERS INC AS350B3
a1310a	N176SC	SEMINOLE COUNTY SHERIFFS OFFICE	AIRBUS HELICOPTERS INC AS350B3
a13ed3	N18FC	FLORENCE COUNTY SHERIFF DEPARTMENT	BELL OH-58A
a13f10	N18HP	DEPARTMENT OF PUBLIC SAFETY (STATE OF OHIO)	CESSNA 182T
a13f88	N18NJ	TENNESSEE DEPT OF SAFTEY & HOMELAND SECURITY	CESSNA R182
a13ff1	N18SP	DIVISION OF STATE POLICE (STATE OF NEW YORK)	BELL 407
a1420a	N180Q	DEPARTMENT OF HOMELAND SECURITY	AIRBUS HELICOPTERS INC AS350B3
a1423f	N180SC	ST CLAIR COUNTY SHERIFFS DEPT	BELL OH-58
a1441c	N1808	GWINNETT COUNTY POLICE DEPT	MD HELICOPTERS INC 369FF
a145f7	N181SD	ORANGE COUNTY SHERIFFS DEPARTMENT	BELL UH-1V
a1485f	N182CU	ALABAMA LAW ENFORCEMENT AGENCY	CESSNA 182P
a14962	N182PC	PICKENS COUNTY SHERIFFS OFFICE	CESSNA 182Q
a14bd6	N183AE	U S DEPT OF HOMELAND SECURITY	EUROCOPTER AS 350 B3
a14d65	N183SD	ORANGE COUNTY SHERIFF'S DEPARTMENT	AIRBUS HELICOPTERS INC AS350B3
a150ff	N184R	DEPARTMENT OF HOMELAND SECURITY	AIRBUS HELICOPTERS INC AS350B3
a154d3	N185SD	ORANGE COUNTY SHERIFF'S DEPARTMENT	AIRBUS HELICOPTERS INC AS350B3
a155ac	N1850W	SANTA BARBARA COUNTY SHERIFFS DEPT	BELL OH-58A
a155bb	N1851A	PLACER COUNTY SHERIFFS DEPARTMENT	PIPER PA-31-310
a156fb	N186AE	US DEPARTMENT OF HOMELAND SECURITY	EUROCOPTER AS 350 B3
a1588a	N186SD	ORANGE COUNTY SHERIFFS DEPT	BELL UH-1H
a15a0e	N1865S	SHERIFFS DEPT AIR UNIT (PIMA COUNTY BOARD OF SUPERVISORS)	CESSNA 310R
a15ab2	N187AE	US DEPARTMENT OF HOMELAND SECURITY	EUROCOPTER AS 350 B3
a15c88	N187V	DEPARTMENT OF HOMELAND SECURITY	HAWKER BEECHCRAFT CORP B300
a15d4b	N1872	PUTNAM COUNTY SHERIFF'S OFICE	BELL 206C
a1611a	N1882Z	CONSTABLE WILLIAM H	CESSNA 210-5
a162e6	N189JC	TULARE COUNTY SHERIFF	TEXTRON AVIATION INC T206H
a1668f	N19HP	STATE OF OHIO DEPT OF PUBLIC SAFETY	CESSNA 182T
a16770	N19SP	NEW YORK STATE POLICE	BELL UH-1H
a16aed	N1903A	DALE COUNTY SHERIFFS OFFICE	BELL 407
a16bc4	N1909F	MARSHAL GROUP LLC	CESSNA R172J
a16d1e	N191NR	MARYLAND NATURAL RESOURCES POLICE	AIRBUS HELICOPTERS INC AS350B3
a16da1	N191TX	TEXAS DEPT OF PUBLIC SAFETY	AMERICAN EUROCOPTER CORP AS350B3
a16e5d	N1911	WASHOE COUNTY SHERIFFS OFFICE	BELL OH-58A
a16f99	N192A	DEPARTMENT OF HOMELAND SECURITY	AMERICAN EUROCOPTER CORP AS350B3
a17016	N192F	DEPARTMENT OF HOMELAND SECURITY	HAWKER BEECHCRAFT CORP B300
a174ee	N193SP	INDIANA STATE POLICE	CESSNA 172P
a17649	N1934W	CATAHOULA CUSTOMS SPRAYING LLC	EA VISION J-150
a17e8e	N196B	DEPARTMENT OF HOMELAND SECURITY	TEXTRON AVIATION INC B300C
a180e6	N19600	CORONA POLICE AERO SQUADRON INC	CESSNA 172L
a18164	N1964L	DEPARTMENT OF HOMELAND SECURITY	AIRBUS HELICOPTERS INC AS350B3
a18580	N1977G	DEPARTMENT OF HOMELAND SECURITY	AIRBUS HELICOPTERS INC AS350B3
a18618	N198CC	COFFEE COUNTY SHERIFFS OFFICE	BELL OH-58C
a189cf	N199CC	COFFEE COUNTY SHERIFF OFFICE	BELL OH-58C
a18e86	N2NJ	NEW JERSEY STATE POLICE	BELL 206L-3
a18ee5	N2SD	PINELLAS COUNTY SHERIFF'S OFFICE	EUROCOPTER AS 350 B2
a19148	N20SP	NEW YORK STATE POLICE	BELL 430
a192c0	N200HP	OKLAHOMA DEPARTMENT OF PUBLIC SAFETY	CESSNA U206G
a19346	N200NY	NEW YORK STATE POLICE	BEECH C-12C
a19758	N201SP	COLORADO STATE PATROL	PILATUS AIRCRAFT LTD PC-12/47E
a19a2e	N202HP	CALIFORNIA HIGHWAY PATROL	TEXTRON AVIATION INC 208B
a19b0f	N202SP	COLORADO STATE PATROL	CESSNA T182T
a19e49	N203MP	CITY OF MESA POLICE DEPT	DJI MAVIC 2 PRO
a19ec6	N203SP	COLORADO STATE PATROL	CESSNA T182T
a19f67	N203Z	DEPARTMENT OF HOMELAND SECURITY	AIRBUS HELICOPTERS INC AS350B3
a1a200	N204MP	CITY OF MESA POLICE DEPT/AVIATION DEPT	DJI MAVIC 2 ENTERP DUAL
a1a528	N205FW	PASCO SHERIFFS OFFICE	BELL UH-1H
a1a595	N205LE	COLLIER COUNTY SHERIFFS OFFICE	BELL UH-1H
a1a62a	N205SD	VENTURA COUNTY SHERIFFS DEPARTMENT	BELL HH-1H
a1a674	N205VC	VENTURA COUNTY SHERIFFS DEPARTMENT	BELL 205B
a1a7c4	N2056D	BICKERT MARSHAL A	BEECH C35
a1a95c	N206LW	STANISLAUS COUNTY SHERIFFS DEPARTMENT	BELL HELICOPTER TEXTRON 206L-1
a1aa2b	N206VC	VENTURA COUNTY SHERIFF'S DEPT	BELL HELICOPTER TEXTRON 206L-1
a1acb5	N207HB	WASHINGTON STATE PATROL (STATE OF WASHINGTON)	BEECH B200
a1ae80	N2071A	BENTON COUNTY SHERIFFS OFFICE	BELL OH-58A
a1af93	N20786	DEPARTMENT OF PUBLIC SAFETY A/C (STATE OF ALASKA)	CESSNA A185F
a1b4bb	N209PD	MODESTO POLICE DEPARTMENT	GIPPSAERO PTY LTD GA8 TC-320
a1b5fd	N2091R	CITY OF EL PASO POLICE DEPARTMENT	HUGHES 369A
a1bb5e	N210VA	DEPARTMENT OF STATE POLICE (COMMONWEALTH OF VIRGINIA)	KODIAK AIRCRAFT CO INC KODIAK 100
a1bcfb	N2108J	DEPARMENT OF HOMELAND SECURITY	AIRBUS HELICOPTERS INC AS350B3
a1bed4	N211SL	POLK COUNTY SHERIFFS OFFICE	ROBINSON HELICOPTER CO R66
a1c0aa	N2118A	SOUTH DAKOTA HIGHWAY PATROL	CESSNA T206H
a1c178	N212FL	OSCEOLA COUNTY SHERIFFS OFFICE	BELL OH-58A
a1c5a4	N213LC	LAKE COUNTY SHERIFFS OFFICE	BELL OH-58A
a1c95b	N214LC	LAKE COUNTY SHERIFFS OFFICE	BELL OH-58A
a1cbc9	N21475	AUSTIN POLICE DEPT	CESSNA 182P
a1cd12	N215LC	LAKE COUNTY SHERIFFS OFFICE	BELL OH-58A
a1cda8	N215SC	SPOKANE COUNTY SHERIFFS OFFICE	BELL OH-58
a1cdd4	N215TX	TEXAS DEPT OF PUBLIC SAFETY	CESSNA 208
a1d296	N2163J	PORTLAND POLICE BUREAU	CESSNA 182T
a1d75b	N218BH	OSCEOLA COUNTY SHERIFFS OFFICE	BELL 407
a1d7b9	N218FB	FORT BEND COUNTY SHERIFFS OFFICE	BELL OH-58A
a1d898	N218Q	DEPARTMENT OF HOMELAND SECURITY	BEECHCRAFT CORP B300C
a1d9c2	N2181N	DEPARTMENT OF STATE POLICE (STATE OF OREGON)	CESSNA 182T
a1da3b	N21844	LOS ANGELES POLICE DEPT AIR SUPPORT DIVISION	BELL 412EP
a1db12	N219BH	OSCEOLA COUNTY SHERIFFS OFFICE	BELL 407
a1dc12	N219MP	CITY OF MESA POLICE DEPT/AVIATION DEPT	DJI MAVIC 2 PRO
a1dcb0	N219TX	TEXAS DEPARTMENT OF PUBLIC SAFETY	PILATUS AIRCRAFT LTD PC-12/47E
a1e24a	N220PD	POLICE DEPARTMENT (CITY OF OAKLAND)	MCDONNELL DOUGLAS HELICOPTER 369E
a1e29f	N220SP	KENTUCKY STATE POLICE	BELL OH-58A
a1ecaf	N223FM	TEXAS DEPARTMENT OF PUBLIC SAFETY	BELL TEXTRON CANADA LTD 407
a1ef70	N22367	DEPARTMENT OF HOMELAND SECURITY	SIKORSKY UH-60A
a1ef84	N2237S	OREGON STATE POLICE	CESSNA T182T
a1f0c0	N224KB	PASADENA POLICE DEPARTMENT	BELL OH-58
a1f17b	N224SP	NEW YORK STATE POLICE AVIATION UNIT	BELL UH-1H
a1f496	N225LH	ALABAMA LAW ENFORCEMENT AGENCY	BEECH C-12C
a1f4b5	N225MP	CITY OF MESA POLICE DEPT/PUBLIC INFORMATION OFFICE	DJI MAVIC AIR
a1f4dd	N225PD	BATON ROUGE POLICE DEPARTMENT	BELL 206B
a1f894	N226PD	ANAHEIM POLICE DEPT	EUROCOPTER AS 350 B2
a1f8fb	N226TG	TOM GREEN COUNTY SHERIFF'S OFFICE	DJI PHANTOM 3 PROFESSION
a1fc32	N227ND	HILLSBOROUGH COUNTY SHERIFF	AIRBUS HELICOPTERS INC AS350B3
a1fca0	N227SP	IOWA STATE PATROL	CIRRUS DESIGN CORP SR22
a1fcc1	N227TX	TEXAS DEPARTMENT OF PUBLIC SAFETY	AIRBUS HELICOPTERS INC AS350B3
a20129	N2280Z	TOWN OF WEST SENECA POLICE DEPT	DJI MATRICE 30T
a20403	N229SC	ST CHARLES PARISH SHERIFFS OFFICE	DJI AVATA
a208d5	N230DK	GEORGIA DEPARTMENT OF PUBLIC SAFETY	BELL HELICOPTER TEXTRON CANADA 407
a2099b	N230MH	LIVINGSTON PARISH SHERIFF'S OFFICE	BELL 206-L4
a20dd5	N231SP	IOWA STATE PATROL	CESSNA 182T
a21095	N232GS	GREENVILLE COUNTY SHERIFFS OFFICE	BELL OH-58C
a2144c	N233GS	GREENVILLE COUNTY SHERIFFS OFFICE	CESSNA 182P
a2147b	N233JP	WASHOE COUNTY SHERIFF DEPT	BELL HH-1H
a2153f	N233SK	DEPARTMENT OF HOMELAND SECURITY	SIKORSKY UH-60A
a21674	N2333P	HUFFMAN MARSHAL	PIPER PA-38-112
a21676	N2333R	SIGHTLER MARSHAL	PIPER PA-28-180
a21a16	N23423	DEPARTMENT OF HOMELAND SECURITY	SIKORSKY UH-60A
a21b1b	N235AH	ERIE COUNTY SHERIFFS OFFICE	AIRBUS HELICOPTERS INC AS350B3
a2256b	N2374F	TEXAS DEPARTMENT OF PUBLIC SAFETY	AIRBUS HELICOPTERS INC AS350B3
a22904	N2383L	NEBRASKA STATE PATROL	CESSNA T206H
a22b10	N239MP	MESA POLICE DEPT	DJI MAVIC MINI
a22b45	N239PS	PASADENA POLICE DEPARTMENT	BELL OH-58A
a22e63	N24HP	YOLO COUNTY/YOLO COUNTY SHERIFFS OFFICE	CESSNA 182P
a23148	N240PD	OMAHA POLICE DEPARTMENT (CITY OF OMAHA)	BELL HELICOPTER TEXTRON CANADA 505
a23268	N2400S	DEPARTMENT OF PUBLIC SAFETY (STATE OF ALASKA)	PIPER PA-18-150
a2376d	N242A	DEPARTMENT OF HOMELAND SECURITY	AMERICAN EUROCOPTER CORP AS350B3
a23c21	N243LC	LIMESTONE COUNTY SHERIFF DEPARTMENT	BELL OH-58A
a23ce3	N243TX	TEXAS DEPARTMENT OF PUBLIC SAFETY	PILATUS AIRCRAFT LTD PC-12/47E
a23fd8	N244LC	LIMESTONE COUNTY SHERIFF DEPT	BELL OH-58C
a2421b	N2446X	WASHINGTON STATE PATROL	CESSNA 206H
a24344	N245HC	HILLSBOROUGH COUNTY SHERIFFS OFFICE	PILATUS AIRCRAFT LTD PC-12/47E
a24597	N24548	DEPARTMENT OF HOMELAND SECURITY	SIKORSKY UH-60L
a2467e	N246CC	ALASKA DEPARTMENT OF PUBLIC SAFETY	CESSNA U206G
a24abd	N247HP	CALIFORNIA HIGHWAY PATROL	TEXTRON AVIATION INC 208
a24bc5	N247UC	KLONDIKE CUSTOMS LLC	DJI AGRAS T40
a255e2	N25HP	FLORIDA HIGHWAY PATROL	CESSNA 182T
a257be	N250CP	CULLMAN POLICE DEPARTMENT	BELL OH-58A
a25bfd	N251J	DEPARTMENT OF HOMELAND SECURITY	TEXTRON AVIATION INC B300C
a25f54	N252ED	FLORIDA DEPARTMENT OF LAW ENFORCEMENT	BELL TH-57
a263a4	N253LG	DEPARTMENT OF HOMELAND SECURITY	GENERAL ATOMICS MQ9A
a26a38	N255BP	VICTORIA COUNTY SHERIFF	BELL OH-58A
a26ba5	N255SD	SACRAMENTO COUNTY SHERIFFS OFFICE	EUROCOPTER EC120B
a2719b	N257BC	BROWARD COUNTY SHERIFFS OFFICE	EUROCOPTER DEUTSCHLAND GMBH EC 135 T2+
a27635	N258LE	COLLIER COUNTY SHERIFFS OFFICE	BELL OH-58A
a276b0	N258RC	MARTIN COUNTY SHERIFFS OFFICE	BELL OH-58A
a2791b	N259BW	PINAL COUNTY SHERIFFS OFFICE	CESSNA T206H
a2796c	N259FB	FORT BEND COUNTY SHERIFFS OFFICE	BELL OH-58A
a27e80	N26VA	VIRGINIA STATE POLICE	BELL 407
a283e0	N261N	DEPARTMENT OF HOMELAND SECURITY	AIRBUS HELICOPTERS INC AS350B3
a28676	N262AL	DALE COUNTY SHERIFFS OFFICE	CESSNA R182
a2876a	N262LE	DALE CO SHERIFFS DEPT	BELL OH-58
a287ff	N262SD	CULLMAN POLICE DEPARTMENT	HUGHES 369A
a28adf	N263HP	CALIFORNIA HIGHWAY PATROL	TEXTRON AVIATION INC 208
a28b21	N263LE	DALE COUNTY SHERIFF'S OFFICE	BELL OH-58C
a28b9c	N263RC	RICHLAND COUNTY SHERIFFS DEPARTMENT	CESSNA T206H
a28ed8	N264LE	DALE COUNTY SHERIFFS OFFICE	BELL OH-58A
a28f6c	N264SC	ST CLAIR COUNTY SHERIFFS DEPARTMENT	BELL OH-58
a291ac	N265BC	BROWARD COUNTY SHERIFFS OFFICE	AIRBUS HELICOPTERS INC MBB-BK117 D-3
a292ea	N265PW	SAN BERNARDINO COUNTY SHERIFF'S DEPARTMENT	GIPPSAERO PTY LTD GA8 TC-320
a2945a	N2653J	CALCASIEU PARISH POLICE JURY	LEADING EDGE AERIAL TECH INC PV35X
a29500	N2658	DEPARTMENT OF HOMELAND SECURITY	AIRBUS HELICOPTERS INC AS350B3
a296db	N266SD	SACRAMENTO COUNTY SHERIFFS DEPARTMENT	EUROCOPTER EC120B
a298fe	N267A	DEPARTMENT OF HOMELAND SECURITY	AMERICAN EUROCOPTER CORP AS350B3
a299bb	N267HP	FLORIDA HIGHWAY PATROL	CESSNA 172S
a29cd1	N268BC	BROWARD COUNTY SHERIFFS OFFICE	AIRBUS HELICOPTERS INC MBB-BK117 D-3
a29d03	N268DC	DALE COUNTY SHERIFFS OFFICE	BELL OH-58A
a29d72	N268HP	FLORIDA HIGHWAY PATROL	CESSNA T206H
a2a20a	N269SP	DEPARTMENT OF PUBLIC SAFETY	BELL UH-1V
a2a40e	N2699Q	NEW CASTLE COUNTY POLICE DEPARTMENT	DJI MAVIC 3
a2b0b0	N2723E	MARSHALS TECHNOLOGY LLC	CESSNA 172N
a2b331	N273S	STATE OF ALASKA DEPARTMENT OF PUBLIC SAFETY	ROBINSON HELICOPTER COMPANY R44 II
a2b98c	N275F	STATE OF ALASKA DEPARTMENT OF PUBLIC SAFETY	CESSNA U206G
a2c211	N277SD	SACRAMENTO COUNTY SHERIFFS OFFICE	EUROCOPTER EC120B
a2c518	N278KC	CULLMAN POLICE DEPT	HUGHES 369A
a2cd7e	N28VA	VIRGINIA STATE POLICE	BELL HELICOPTER TEXTRON CANADA 412EP
a2cef1	N280KW	TENNESSEE DEPARTMENT OF SAFETY & HOMELAND SECURITY	BELL TEXTRON CANADA LTD 429
a2d1bf	N281AN	NEW CASTLE COUNTY POLICE DEPT	DJI MATRICE 300
a2d68a	N282MP	PASCO COUNTY SHERIFFS OFFICE	BELL OH-58A
a2d6fc	N282SC	ST CHALRES PARISH SHERIFFS OFFICE	DJI MAVIC 3 ENTER THERM
a2d707	N282SP	KENTUCKY STATE POLICE	BELL OH-58A
a2dabe	N283SP	KENTUCKY STATE POLICE	BELL OH-58A
a2dcda	N284AC	ALACHUA COUNTY SHERIFFS OFFICE	BELL OH-58A
a2ddf8	N284MP	PASCO COUNTY SHERIFFS OFFICE	BELL OH-58A
a2de75	N284SP	KENTUCKY STATE POLICE	BELL 407
a2e001	N2846	CTM CUSTOMS LLC	DJI AGRAS T40
a2e22c	N285SP	KENTUCKY STATE POLICE	BELL TEXTRON CANADA LTD 429
a2e522	N286JW	CITRUS COUNTY SHERIFFS OFFICE	BELL OH-58
a2ec85	N288JK	SACRAMENTO CO SHERIFF'S DEPT (COUNTY OF SACRAMENTO)	EUROCOPTER EC120B
a2f1e5	N2891	SARASOTA COUNTY SHERIFFS OFFICE	BELL TEXTRON CANADA LTD 429
a2f592	N290AZ	ARIZONA DEPARTMENT OF PUBLIC SAFETY (STATE OF ARIZONA)	DJI MAVIC 2 PRO
a2f8c8	N2907A	DEPARTMENT OF HOMELAND SECURITY	AIRBUS HELICOPTERS INC AS350B3
a2f949	N291AZ	ARIZONA DEPARTMENT OF PUBLIC SAFETY (STATE OF ARIZONA)	DJI MAVIC 2 PRO
a2f9ca	N291GC	GWINNETT COUNTY POLICE DEPT	DJI MAVIC 2 PRO
a2fd00	N292AZ	ARIZONA DEPARTMENT OF PUBLIC SAFETY (STATE OF ARIZONA)	DJI MAVIC 2 PRO
a300b7	N293AZ	ARIZONA DEPARTMENT OF PUBLIC SAFETY (STATE OF ARIZONA)	DJI MAVIC 2 PRO
a301a7	N293LP	SOUTH KINGSTOWN POLICE DEPARTMENT	DJI MAVIC 3 ENTERPRISE
a30825	N295AZ	ARIZONA DEPARTMENT OF PUBLIC SAFETY (STATE OF ARIZONA)	DJI MAVIC 2 PRO
a30842	N295CC	HENRY COUNTY SHERIFFS OFFICE	BELL OH-58C
a308cd	N295HS	BREVARD COUNTY SHERIFFS OFFICE	BELL OH58A
a30bdc	N296AZ	ARIZONA DEPARTMENT OF PUBLIC SAFETY (STATE OF ARIZONA)	DJI MAVIC 2 PRO
a30bf9	N296CC	CLAYTON COUNTY POLICE DEPARTMENT	BELL 206L-3
a30d0d	N296PD	C/O PHILADELPHIA POLICE AVIATION UNIT (CITY OF PHILADELPHIA)	AMERICAN EUROCOPTER CORP AS350B2
a30d54	N296S	DEPARTMENT OF HOMELAND SECURITY	AIRBUS HELICOPTERS INC AS350B3
a30f93	N297AZ	ARIZONA DEPARTMENT OF PUBLIC SAFETY (STATE OF ARIZONA)	DJI MAVIC 2 PRO
a31021	N297GR	WALKER COUNTY SHERIFF DEPT	BELL OH-58C
a310c4	N297PD	C/O PHILADELPHIA POLICE AVIATION UNIT (CITY OF PHILADELPHIA)	AIRBUS HELICOPTERS INC AS350B2
a3134a	N298AZ	ARIZONA DEPARTMENT OF PUBLIC SAFETY (STATE OF ARIZONA)	DJI MAVIC 2 PRO
a31369	N298CE	CITY OF EDINA MN POLICE DEPARTMENT	DJI MAVIC 2 ENTERP DUAL
a313d8	N298GR	WALKER COUNTY SHERIFF DEPT	BELL OH-58C
a31701	N299AZ	ARIZONA DEPARTMENT OF PUBLIC SAFETY (STATE OF ARIZONA)	DJI MAVIC 2 PRO
a31744	N299DR	KINGS COUNTY SHERIFFS OFFICE	HUGHES HELICOPTERS INC 369E
a3178f	N299GR	WALKER COUNTY SHERIFF DEPT	BELL OH-58C
a317cd	N299KC	KINGS COUNTY SHERIFF'S OFFICE	CESSNA T206H
a31887	N299SP	NORTH DAKOTA HIGHWAY PATROL	CESSNA T206H
a31a6a	N2998S	DALE COUNTY SHERIFFS OFFICE	BELL OH-58A
a31bd5	N3NJ	DEPARTMENT OF LAW AND PUBLIC SAFETY (STATE OF NEW JERSEY)	AGUSTAWESTLAND PHILADELPHIA AW139
a31be9	N3PD	SUFFOLK COUNTY POLICE DEPT	EUROCOPTER DEUTSCHLAND GMBH MBB-BK 117 C
a31e37	N30NT	POLICE DEPARTMENT AIR SUPPORT UNIT (CITY OF ONTARIO)	AIRBUS HELICOPTERS INC AS350B3
a31ed5	N30VA	DEPARTMENT OF STATE POLICE (COMMONWEALTH OF VIRGINIA)	BELL 407
a3209a	N300PC	PUTNAM COUNTY SHERIFF'S DEPARTMENT	BELL OH-58
a320ab	N300PV	VILLAGE OF PLOVER POLICE DEPARTMENT	DJI T600
a3249d	N301SD	HARRISON COUNTY SHERIFFS DEPARTMENT	HUGHES 369A
a32c0b	N303SD	HARRIS COUNTY SHERIFF'S OFFICE	CESSNA 182P
a32f4f	N304MP	MIAMI-DADE SHERIFF'S OFFICE	AMERICAN EUROCOPTER CORP AS350B3
a32f77	N304PD	CITY OF TUCSON POLICE DEPARTMENT	BELL 206B
a32fc2	N304SD	HARRISON COUNTY SHERIFFS DEPARTMENT	BELL OH-58A
a3323a	N305DK	WASHINGTON STATE PATROL	CESSNA 206H
a33306	N305MP	MIAMI-DADE SHERIFF'S OFFICE	EUROCOPTER FRANCE AS 350 B3
a3335f	N305RC	WASHINGTON STATE PATROL	CESSNA 182T
a33377	N305SB	SAN BERNARDINO COUNTY SHERIFFS AVIATION DIVISION	BELL UH-1H
a3364d	N306HB	WAYNE COUNTY SHERIFFS OFFICE	BELL OH-58A
a336bd	N306MP	MIAMI-DADE SHERIFFS OFFICE	AIRBUS HELICOPTERS INC AS350B3
a336e5	N306PD	CITY OF TUCSON POLICE DEPARTMENT	BELL 206B
a3372e	N306SB	SAN BERNARDIINO COUNTY SHERIFFS DEPT	BELL TEXTRON CANADA LTD 412EP
a339af	N307DS	BUTLER MARSHAL B	STERLING DOUGLAS JON FLIGHTSTAR II
a33a74	N307MP	MIAMI-DADE SHERIFFS OFFICE	AIRBUS HELICOPTERS INC AS350B3
a33ae5	N307SB	SAN BERNARDINO COUNTY SHERIFFS AVIATION DIVISION	BELL 212
a33dbb	N308HB	ROBESON COUNTY SHERIFFS OFFICE	BELL OH-58A
a33e07	N308LC	LEON COUNTY SHERIFFS OFFICE	BELL 206B
a33e2b	N308MP	MIAMI-DADE SHERIFFS OFFICE	AIRBUS HELICOPTERS INC AS350B3
a33e9c	N308SB	SAN BERNARDINO COUNTY SHERIFFS DEPT	BELL TEXTRON CANADA LTD 412EP
a341e2	N309MP	MIAMI-DADE SHERIFFS OFFICE	AIRBUS HELICOPTERS INC AS350B3
a344e5	N31EJ	DEPARTMENT OF HOMELAND SECURITY	GENERAL ATOMICS MQ-9 BLOCK 1
a34b45	N311HP	OHIO DEPARTMENT OF PUBLIC SAFETY	CESSNA 182S
a34bac	N311MS	US MARSHALS SERVICE JUSTICE PRISONER &	BOEING 737-8Q8
a34cb1	N311YC	YELLOWSTONE COUNTY SHERIFF OFFICE	BELL OH-58C
a34fd3	N312SD	HARRIS COUNTY SHERIFFS OFFICE	EUROCOPTER AS 350 B3
a34fe1	N312ST	DEPARTMENT OF STATE POLICE (STATE OF MICHIGAN)	BELL HELICOPTER TEXTRON CANADA 407
a3524f	N313DP	SAN DIEGO COUNTY SHERIFF DEPT	BELL HELICOPTER TEXTRON CANADA 407
a355c9	N314BC	BRUNSWICK COUNTY SHERIFFS OFFICE	BELL OH-58A
a35e18	N316LC	PASCO COUNTY SHERIFFS OFFICE	BELL OH-58A
a36050	N3166L	PRENTICE CUSTOMS LLC	DJI AGRAS T40
a360b1	N3169C	PRENTICE CUSTOMS LLC	DJI AGRAS T40
a36111	N317CN	PASCO SHERIFFS OFFICE	BELL UH-1H
a3639b	N3173H	ALABAMA LAW ENFORCEMENT AGENCY	BELL HELICOPTER TEXTRON 206L-1
a36811	N3188Z	FULTON COUNTY POLICE HEADQUARTERS	BELL 206B
a3693d	N319LC	PASCO COUNTY SHERIFFS OFFICE	BELL OH-58A
a36968	N319MW	SAN DIEGO COUNTY SHERIFF DEPARTMENT	BELL HELICOPTER TEXTRON CANADA 407
a369b9	N319RB	PALM BEACH COUNTY SHERIFFS DEPARTMENT	TEXTRON AVIATION INC B200GT
a37285	N321FA	WILMINGTON POLICE DEPARTMENT	SKYDIO INC X10
a37799	N322V	DEPARTMENT OF HOMELAND SECURITY	AIRBUS HELICOPTERS INC AS350B3
a378bb	N32240	VENTURA COUNTY SHERIFFS DEPARTMENT	BELL 205A-1
a384d7	N326CL	DEPARTMENT OF PUBLIC SAFETY (STATE OF ALASKA)	ROBINSON HELICOPTER COMPANY R44 II
a38744	N3262M	U S DEPARTMENT OF HOMELAND SECURITY	CESSNA 550
a389e7	N327SF	DEPARTMENT OF PUBLIC SAFETY (STATE OF COLORADO)	PILATUS PC-12/45
a38d9e	N328SF	DEPARTMENT OF PUBLIC SAFETY (STATE OF COLORADO)	PILATUS PC-12/45
a3917e	N329TX	TEXAS DEPARTMENT OF PUBLIC SAFETY	EUROCOPTER AS 350 B3
a39552	N33VA	DEPARTMENT OF STATE POLICE (COMMONWEALTH OF VIRGINIA)	KODIAK AIRCRAFT CO INC KODIAK 100
a3961d	N330DC	COWETA COUNTY SHERIFF'S OFFICE	BELL OH-58A
a39718	N330PD	POLICE DEPARTMENT HELICOPTER UNIT (CITY OF OAKLAND)	SCHWEIZER 269C-1
a39f96	N3320A	DEPARTMENT OF HOMELAND SECURITY	AIRBUS HELICOPTERS INC AS350B3
a3a9f4	N335SB	PARK COUNTY SHERIFFS OFFICE	AVIAT AIRCRAFT INC A-1B
a3b8d2	N339SD	ERIE COUNTY SHERIFFS OFFICE	AIRBUS HELICOPTERS INC AS350B3
a3bcd1	N34VA	DEPARTMENT OF STATE POLICE (COMMONWEALTH OF VIRGINIA)	BELL 407
a3be97	N340PD	BY AND THROUGH THE OMAHA POLICE DEPARTMENT (CITY OF OMAHA)	BELL TEXTRON CANADA LTD 505
a3c633	N342R	DEPARTMENT OF HOMELAND SECURITY	AIRBUS HELICOPTERS INC AS350B3
a3c6e5	N342YC	YELLOWSTONE COUNTY SHERIFFS OFFFICE	BELL OH-58C
a3d12a	N345PD	CITY OF BETHLEHEM POLICE DEPT	DJI PHANTOM 3 ADVANCED
a3e372	N35LD	MISSISSIPPI COUNTY SHERIFFS DEPARTMENT	BELL OH-58C
a3e5ee	N350MP	CITY OF MEMPHIS POLICE DEPARTMENT	EUROCOPTER AS 350 B3
a3e5f1	N350MS	MISSISSIPPI DEPARTMENT OF PUBLIC SAFETY	AMERICAN EUROCOPTER CORP AS350B3
a3e758	N3501R	STANISLAUS COUNTY SHERIFFS DEPARTMENT	CESSNA 206H
a3ed84	N352PD	SUFFOLK COUNTY POLICE DEPARTMENT	EUROCOPTER AS 350 B2
a3f372	N3538R	US DEPARTMENT OF HOMELAND SECURITY	CESSNA T206H
a3f4f2	N354PD	SUFFOLK COUNTY POLICE DEPARTMENT	EUROCOPTER AS 350 B2
a3f547	N354SP	LOUISIANA STATE POLICE	BELL TEXTRON CANADA LTD 407
a3f66c	N3543B	US DEPARTMENT OF HOMELAND SECURITY	CESSNA T206H
a3f68b	N35438	KERN COUNTY SHERIFFS DEPARTMENT	CESSNA T206H
a3f7bc	N355DS	DESOTO PARISH SHERIFF OFFICE	BELL OH-58A
a3f8fe	N355SP	LOUISIANA STATE POLICE	BELL TEXTRON CANADA LTD 407
a3fc14	N356LC	C/O LAKE COUNTY SHERIFF'S DEPARTMENT (LAKE COUNTY INDIANA)	EUROCOPTER EC120B
a3fcb5	N356SP	LOUISIANA DEPARTMENT OF PUBLIC SAFETY	BELL UH-1
a4006c	N357SP	LOUISIANA DEPARTMENT OF PUBLIC SAFETY	BELL 206-L4
a406bb	N359FB	PHOENIX POLICE DEPARTMENT	AMERICAN EUROCOPTER LLC AS350B3
a40b91	N36SP	KENTUCKY STATE POLICE	GATES LEARJET CORP. 35A
a40bcf	N36VA	DEPT OF STATE POLICE (COMMONWEALTH OF VIRGINIA)	BELL 407
a41146	N361NY	DIVISION OF STATE POLICE (STATE OF NEW YORK)	TEXTRON AVIATION INC B300
a411c2	N361TX	TEXAS DEPARTMENT OF PUBLIC SAFETY	AIRBUS HELICOPTERS INC AS350B3
a41e9b	N3648C	COVINGTON POLICE DEPARTMENT (CITY OF COVINGTON)	DJI MAVIC 3 FLY MORE CMB
a423ca	N366NH	DIVISION OF STATE POLICE AVIATION UNIT (STATE OF NEW HAMPSHIRE DEPT OF	CESSNA 182T
a42434	N366SP	NEW HAMPSHIRE STATE POLICE	BELL 407
a42eba	N369LE	CITY OF OXFORD ALABAMA POLICE DEPARTMENT	HUGHES OH-6A
a43488	N370HP	OKLAHOMA DEPARTMENT OF PUBLIC SAFETY	AMERICAN EUROCOPTER CORP AS350B3
a4356b	N370SR	DEPARTMENT OF HOMELAND SECURITY	AIRBUS HELICOPTERS INC AS350B3
a437d9	N371DM	POLICE DEPT (CITY OF BAKERSFIELD CALIFORNIA)	AMERICAN CHAMPION AIRCRAFT 8GCBC
a43834	N371HC	HENRY COUNTY SHERIFF'S OFFICE	BELL OH-58C
a43dab	N37201	U S DEPARTMENT OF HOMELAND SECURITY	CESSNA 550
a43fa2	N373HC	HENRY COUNTY SHERIFFS OFFICE	BELL OH-58C
a44021	N373NE	NEBRASKA STATE PATROL	BELL TEXTRON CANADA LTD 505
a45e0e	N3803C	STATE OF COLORADO DEPARTMENT OF PUBLIC SAFETY	BELL 205A-1
a45e31	N3804C	STATE OF COLORADO DEPARTMENT OF PUBLIC SAFETY	BELL 205A-1
a46018	N381MD	MARYLAND STATE POLICE AVIATION COMMAND	AGUSTAWESTLAND PHILADELPHIA AW139
a4612a	N381YC	YELLOWSTONE COUNTY SHERIFF OFFICE	BELL OH-58C
a46140	N381Z	DEPARTMENT OF HOMELAND SECURITY	AIRBUS HELICOPTERS INC AS350B3
a463cf	N382MD	MARYLAND STATE POLICE AVIATION COMMAND	AGUSTAWESTLAND PHILADELPHIA AW139
a46786	N383MD	MARYLAND STATE POLICE AVIATION COMMAND	AGUSTAWESTLAND PHILADELPHIA AW139
a46811	N383ST	STATE OF MICHIGAN DEPARTMENT OF STATE POLICE	BELL HELICOPTER TEXTRON CANADA 407
a46b3d	N384MD	MARYLAND STATE POLICE AVIATION COMMAND	AGUSTAWESTLAND PHILADELPHIA AW139
a46ef4	N385MD	MARYLAND STATE POLICE AVIATION COMMAND	AGUSTAWESTLAND PHILADELPHIA AW139
a472ab	N386MD	MARYLAND STATE POLICE AVIATION COMMAND	AGUSTAWESTLAND PHILADELPHIA AW139
a47357	N386UA	OFFICE OF LOUISIANA STATE FIRE MARSHAL	DJI INSPIRE 2
a47662	N387MD	MARYLAND STATE POLICE AVIATION COMMAND	AGUSTAWESTLAND PHILADELPHIA AW139
a47a19	N388MD	MARYLAND STATE POLICE AVIATION COMMAND	AGUSTAWESTLAND PHILADELPHIA AW139
a47a95	N388SC	ST CHARLES PARISH SHERIFFS OFFICE	DJI MAVIC 3
a47dd0	N389MD	MARYLAND STATE POLICE AVIATION COMMAND	AGUSTAWESTLAND PHILADELPHIA AW139
a47e4c	N389SC	ST CHARLES PARISH SHERIFFS OFFICE	DJI MAVIC 3
a483e0	N390MD	MARYLAND STATE POLICE AVIATION COMMAND	AGUSTA SPA AW139
a48467	N390SP	ARKANSAS STATE POLICE (STATE OF ARKANSAS)	RAYTHEON AIRCRAFT COMPANY B200
a4906a	N3931A	DEPARTMENT OF HOMELAND SECURITY	AMERICAN EUROCOPTER LLC AS350B3
a490b0	N3933A	DEPARTMENT OF HOMELAND SECURITY	AMERICAN EUROCOPTER LLC AS350B3
a490d3	N3934A	DEPARTMENT OF HOMELAND SECURITY	AMERICAN EUROCOPTER LLC AS350B3
a490f6	N3935A	DEPARTMENT OF HOMELAND SECURITY	AMERICAN EUROCOPTER LLC AS350B3
a4913c	N3937A	DEPARTMENT OF HOMELAND SECURITY	AMERICAN EUROCOPTER LLC AS350B3
a4915f	N3938A	DEPARTMENT OF HOMELAND SECURITY	AMERICAN EUROCOPTER LLC AS350B3
a49182	N3939A	DEPT OF HOMELAND SECURITY CUSTOMS & BORDER	AMERICAN EUROCOPTER LLC AS350B3
a493fe	N3940A	DEPARTMENT OF HOMELAND SECURITY	AMERICAN EUROCOPTER LLC AS350B3
a4948a	N3944A	DEPARTMENT OF HOMELAND SECURITY	AMERICAN EUROCOPTER LLC AS350B3
a494d0	N3946A	DEPARTMENT OF HOMELAND SECURITY	AMERICAN EUROCOPTER LLC AS350B3
a494f3	N3947A	DEPARTMENT OF HOMELAND SECURITY	AMERICAN EUROCOPTER LLC AS350B3
a49539	N3949A	DEPARTMENT OF HOMELAND SECURITY	AMERICAN EUROCOPTER CORP AS350B3
a497d8	N3951A	US DEPARTMENT OF HOMELAND SECURITY	AMERICAN EUROCOPTER CORP AS350B3
a4981e	N3953A	US DEPARTMENT OF HOMELAND SECURITY	AMERICAN EUROCOPTER CORP AS350B3
a49f5c	N3971Y	LIMESTONE COUNTY SHERIFF DEPT	CESSNA 210D
a49f69	N3972A	US DEPARTMENT OF HOMELAND SECURITY	EUROCOPTER AS 350 B3
a49f6f	N3972G	COUNTY OF MERCED SHERIFF'S DEPT	CESSNA U206C
a4a2da	N3980A	US DEPARTMENT OF HOMELAND SECURITY	AMERICAN EUROCOPTER CORP AS350B3
a4a343	N3983A	US DEPARTMENT OF HOMELAND SECURITY	AMERICAN EUROCOPTER CORP AS350B3
a4a691	N3990A	US DEPARTMENT OF HOMELAND SECURITY	AMERICAN EUROCOPTER CORP AS350B3
a4a924	N4NJ	NEW JERSEY STATE POLICE AVIATION BUREAU (STATE OF NEW JERSEY)	BELL OH-58A
a4abda	N40SB	SAN BERNADINO COUNTY SHERIFFS OFFICE	BEECH A200
a4ac24	N40VA	COMMONWEALTH OF VIRGINA DEPT OF STATE POLICE	BELL TEXTRON CANADA LTD 412EP
a4b107	N401H	ST JOHNS COUNTY SHERIFF OFFICE	BELL TEXTRON CANADA LTD 407
a4b179	N401MP	MIAMI-DADE SHERIFFS OFFICE	CESSNA P210N
a4b187	N401NC	NORTH CAROLINA STATE HIGHWAY PATROL	BELL TEXTRON CANADA LTD 429
a4b1f6	N401SP	CONNECTICUT STATE POLICE	BELL OH-58A
a4b4da	N402JC	JEFFERSON COUNTY SHERIFFS OFFICE	EUROCOPTER AS 350 B3
a4b558	N402PD	OMAHA POLICE DEPARTMENT (CITY OF OMAHA)	BELL HELICOPTER TEXTRON CANADA 407
a4b5ad	N402SP	CONNECTICUT STATE POLICE	BELL OH-58A
a4b960	N403SK	UNITED STATES CUSTOMS AND BORDER PROTECTION	LOCKHEED P3B
a4bae2	N4035W	DEPARTMENT OF HOMELAND SECURITY	EUROCOPTER AS 350 B2
a4bcac	N404NC	NORTH CAROLINA STATE HIGHWAY PATROL	BELL 407
a4bef8	N4048L	U S DEPT OF HOMELAND SECURITY	EUROCOPTER AS 350 B2
a4c063	N405NC	NORTH CAROLINA STATE HIGHWAY PATROL	BELL HELICOPTER TEXTRON CANADA 407
a4c0f3	N405TX	TEXAS DEPARTMENT OF PUBLIC SAFETY	AMERICAN EUROCOPTER LLC AS350B2
a4c246	N4055L	U S DEPT OF HOMELAND SECURITY	EUROCOPTER AS 350 B2
a4c32b	N406CP	CALCASIEU PARISH POLICE JURY	BEECH 65-A90-1
a4c41a	N406NC	NORTH CAROLINA STATE HIGHWAY PATROL	BELL TEXTRON CANADA LTD 407
a4c434	N406PD	CHARLOTTE-MECKLENBURG POLICE DEPT	BELL TEXTRON CANADA LTD 407
a4c670	N4068W	U S DEPT OF HOMELAND SECURITY	EUROCOPTER AS 350 B2
a4c6d7	N407CC	OFFICE OF THE SHERIFF (COUNTY OF CONTRA COSTA)	BELL 407
a4c72a	N407FL	SARASOTA COUNTY SHERIFFS OFFICE	BELL HELICOPTER TEXTRON CANADA 407
a4c785	N407KB	ORANGE COUNTY SHERIFFS OFFICE	BELL 407
a4c794	N407KS	KING COUNTY SHERIFFS OFFICE	BELL HELICOPTER TEXTRON CANADA 407
a4c7a8	N407LM	ORANGE COUNTY SHERIFFS OFFICE	BELL HELICOPTER TEXTRON CANADA 407
a4c7d1	N407NC	NC HIGHWAY PATROL	BELL HELICOPTER TEXTRON CANADA 407
a4c7d9	N407NL	ORANGE COUNTY SHERIFF'S OFFICE	BELL HELICOPTER TEXTRON CANADA 407
a4c7e5	N407NY	NEW YORK CITY POLICE AVIATION UNIT	BELL 407
a4c833	N407SA	ALABAMA LAW ENFORCEMENT AGENCY	BELL 407
a4c843	N407SS	INDIANA STATE POLICE (STATE OF INDIANA)	BELL HELICOPTER TEXTRON CANADA 407
a4cbed	N408SD	OFFICE OF THE SHERIFF (COUNTY OF SANTA CLARA)	EUROCOPTER EC120B
a4d240	N41EW	MEMPHIS POLICE DEPARTMENT	BELL 206B
a4d452	N410C	DEPARTMENT OF HOMELAND SECURITY	TEXTRON AVIATION INC B300C
a4d98e	N411TP	CITY OF TAMPA POLICE DEPARTMENT	BELL 407
a4db92	N412AD	GEORGIA DEPT OF PUBLIC SAFETY	BELL HELICOPTER TEXTRON CANADA 412EP
a4dc24	N412G	DEPARTMENT OF HOMELAND SECURITY	TEXTRON AVIATION INC B300C
a4dd4d	N412TX	BERNAILILLO COUNTY SHERIFFS OFFICE	BELL HELICOPTER TEXTRON CANADA 412EP
a4dd6c	N412VC	COUNTY OF VENTURA SHERIFFS OFFICE	BELL TEXTRON CANADA LTD 412EP
a4e019	N413JM	HILLSBOROUGH COUNTY SHERIFFS OFFICE	AIRBUS HELICOPTERS INC AS350B3
a4e940	N4151T	DEPARTMENT OF PUBLIC SAFETY (STATE OF ALASKA)	PIPER PA-18-150
a4f149	N41758	KEARNEY POLICE DEPARTMENT	AUTEL ROBOTICS MDCP
a4f670	N419K	DEPARTMENT OF HOMELAND SECURITY	TEXTRON AVIATION INC B300C
a4fe7c	N42033	DEPARTMENT OF PUBLIC SAFETY (STATE OF ALASKA)	CESSNA 172M
a4ff6f	N421B	DEPARTMENT OF HOMELAND SECURITY	TEXTRON AVIATION INC B300C
a500f4	N421SP	KENTUCKY STATE POLICE	MD HELICOPTERS INC 369FF
a50351	N422CT	KING COUNTY SHERIFFS OFFICE	BELL TEXTRON CANADA LTD 407
a5085e	N423SK	UNITED STATES CUSTOMS AND BORDER PROTECTION	LOCKHEED P3B
a50e9f	N425EJ	PORTLAND POLICE BUREAU (CITY OF PORTLAND)	TEXTRON AVIATION INC 182T
a50efd	N425JC	JACKSON COUNTY SHERIFFS OFFICE	BELL OH-58A
a50f7b	N425PD	JACKSON POLICE DEPARTMENT	BELL OH-58A
a515ac	N427AM	OREGON STATE POLICE (STATE OF OREGON)	CESSNA T182T
a5173e	N427SP	DIVISION OF STATE POLICE (STATE OF NEW YORK)	BELL 430
a52259	N43SD	PINELLAS COUNTY SHERIFFS OFFICE	AIRBUS HELICOPTERS INC AS350B3
a52353	N430CC	CHARLESTON COUNTY SHERIFFS OFFICE	BELL TEXTRON CANADA LTD 407
a52431	N430M	DEPARTMENT OF PUBLIC SAFETY (STATE OF LOUISIANA)	CESSNA 182R
a524dd	N430TX	TEXAS DEPARTMENT OF PUBLIC SAFETY	TEXTRON AVIATION INC 208
a5286f	N431SK	UNITED STATES CUSTOMS AND BORDER PROTECTION	LOCKHEED P3B
a52bcf	N432NY	DIVISION OF STATE POLICE (STATE OF NEW YORK)	BELL 430
a534d3	N4343Z	HOOD RIVER COUNTY SHERIFF'S OFFICE	PIPER PA-18-150
a539b4	N436DA	MICHIGAN DEPARTMENT OF STATE POLICE	AERYON LABS INC SKY RANGER
a53eb0	N437SA	SUFFOLK COUNTY SHERIFFS OFFICE	INIZIATIVE INDUSTRIALI ITALIAN SKY ARROW
a54f9d	N441PD	BATON ROUGE POLICE DEPARTMENT	ROBINSON HELICOPTER COMPANY R44 II
a55165	N4415K	NAVION CUSTOMS LLC	RYAN NAVION
a55354	N442PD	DESOTO PARISH SHERIFF OFFICE	ROBINSON HELICOPTER COMPANY R44 II
a55f4a	N445XN	NEW CASTLE COUNTY POLICE DEPARTMENT (DE)	DJI MAVIC 3 ENTERPRISE
a56049	N4455T	K-T CUSTOMS LLC	PIPER PA-28-180
a56330	N446ZK	GREAT PLAINS CUSTOMS LLC	DJI AGRAS T50
a57013	N45DE	MARSHALL COUNTY SHERIFF DEPT	BELL OH-58A
a57161	N45SP	KENTUCKY STATE POLICE	BELL UH-1H
a58241	N454PD	COUNTY OF SUFFOLK POLICE DEPARTMENT	AIRBUS HELICOPTERS INC MBB-BK117 D-3
a582a3	N454TB	DEPARTMENT OF PUBLIC SAFETY OF THE STATE OF TEXAS	HAWKER BEECHCRAFT CORP B300
a585f8	N455PD	CHARLOTTE MECKLENBURG POLICE DEPARTMENT	BELL TEXTRON CANADA LTD 407
a598e0	N46SP	KENTUCKY STATE POLICE	HUGHES OH-6A
a599b3	N460AZ	ARIZONA DEPT OF PUBLIC SAFETY (STATE OF ARIZONA)	DJI MAVIC 2 PRO
a59d6a	N461AZ	ARIZONA DEPT OF PUBLIC SAFETY (STATE OF ARIZONA)	DJI MAVIC 2 PRO
a5a0a4	N4617E	DEPARTMENT OF STATE POLICE (STATE OF MICHIGAN)	CESSNA 182R
a5a121	N462AZ	ARIZONA DEPARTMENT OF PUBLIC SAFETY (STATE OF ARIZONA)	DJI MAVIC 2 PRO
a5a4d8	N463AZ	ARIZONA DEPARTMENT OF PUBLIC SAFETY (STATE OF ARIZONA)	DJI MAVIC 2 PRO
a5a88f	N464AZ	ARIZONA DEPARTMENTOF PUBLIC SAFETY (STATE OF ARIZONA)	DJI MAVIC 2 PRO
a5ac46	N465AZ	ARIZONA DEPARTMENT OF PUBLIC SAFETY (STATE OF ARIZONA)	DJI SPARK
a5affd	N466AZ	ARIZONA DEPARTMENT OF PUBLIC SAFETY (STATE OF ARIZONA)	DJI MAVIC 2 PRO
a5b045	N466DW	GEORGIA DEPT OF PUBLIC SAFETY	BELL HELICOPTER TEXTRON CANADA 407
a5b114	N466NC	NEW CASTLE COUNTY POLICE DEPT	SKYDIO INC X10
a5b33d	N4667L	REBEL ROAD CUSTOMS LLC	CESSNA 172G
a5b3b4	N467AZ	ARIZONA DEPARTMENT OF PUBLIC SAFETY (STATE OF ARIZONA)	DJI MAVIC 2 PRO
a5b882	N468NC	NEW CASTLE COUNTY POLICE DEPT	SKYDIO INC X10
a5bb22	N469AZ	ARIZONA DEPARTMENT OF PUBLIC SAFETY (STATE OF ARIZONA)	DJI MAVIC 2 ENTERP ZOOM
a5bc39	N469NC	NEW CASTLE COUNTY POLICE DEPT	SKYDIO INC X10
a5c249	N470NC	NEW CASTLE COUNTY POLICE DEPT	SKYDIO INC X10
a5c600	N471NC	NEW CASTLE COUNTY POLICE DEPT	SKYDIO INC X10
a5c6a4	N471US	U S DEPARTMENT OF HOMELAND SECURITY	BOEING 737-8
a5c9b7	N472NC	NEW CASTLE COUNTY POLICE DEPT	SKYDIO INC X10
a5ca5b	N472US	U S DEPARTMENT OF HOMELAND SECURITY	GULFSTREAM AEROSPACE CORP GVI (G650)
a5cd6e	N473NC	NEW CASTLE COUNTY POLICE DEPT	SKYDIO INC X10
a5ce12	N473US	U S DEPARTMENT OF HOMELAND SECURITY	GULFSTREAM AEROSPACE CORP GVI (G650ER)
a5d125	N474NC	NEW CASTLE COUNTY POLICE DEPT	SKYDIO INC X10
a5d1c9	N474US	U S DEPARTMENT OF HOMELAND SECURITY	BOEING 737-7H4
a5d4dc	N475NC	NEW CASTLE COUNTY POLICE DEPT	SKYDIO INC X10
a5d580	N475US	US DEPARTMENT OF HOMELAND SECURITY	BOEING 737-752
a5d893	N476NC	NEW CASTLE COUNTY POLICE DEPT	SKYDIO INC X10
a5d937	N476US	US DEPARTMENT OF HOMELAND SECURITY	BOEING 737-7H4
a5dc4a	N477NC	NEW CASTLE COUNTY POLICE DEPT	SKYDIO INC X10
a5dcee	N477US	US DEPARTMENT OF HOMELAND SECURITY	BOEING 737-752
a5e001	N478NC	NEW CASTLE COUNTY POLICE DEPT	SKYDIO INC X10
a5e0a5	N478US	US DEPARTMENT OF HOMELAND SECURITY	BOEING 737-7H4
a5e2bb	N479C	DEPARTMENT OF HOMELAND SECURITY	AIRBUS HELICOPTERS INC AS350B3
a5e3b8	N479NC	NEW CASTLE COUNTY POLICE DEPT	SKYDIO INC X10
a5e45c	N479US	U S DEPARTMENT OF HOMELAND SECURITY	BOEING 737-7H4
a5e8b1	N480AZ	ARIZONA DEPARTMENT OF PUBLIC SAFETY (STATE OF ARIZONA)	AERYON LABS INC SKY RANGER
a5e9ed	N480PQ	PLAQUEMINES PARISH SHERIFF'S OFFICE	ENSTROM HELICOPTER CORP 480B
a5ea33	N480SK	U S CUSTOMS & BORDER PROTECTION	LOCKHEED P3B
a5ea6c	N480US	U S DEPARTMENT OF HOMELAND SECURITY	BOEING 737-7H4
a5ec68	N481AZ	ARIZONA DEPT OF PUBLIC SAFETY (STATE OF ARIZONA)	DJI INSPIRE 1
a5edca	N481RC	ORANGE COUNTY SHERIFF'S OFFICE	BELL HELICOPTER TEXTRON CANADA 206L-4
a5f01f	N482AZ	ARIZONA DEPARTMENT OF PUBLIC SAFETY (STATE OF ARIZONA)	DJI MATRICE 100
a5f3d6	N483AZ	ARIZONA DEPARTMENT OF PUBLIC SAFETY (STATE OF ARIZONA)	DJI MAVIC PRO
a5f78d	N484AZ	ARIZONA DEPARTMENT OF PUBLIC SAFETY (STATE OF ARIZONA)	DJI PHANTOM 4 PRO+
a5fb44	N485AZ	ARIZONA DEPARTMENT OF PUBLIC SAFETY (STATE OF ARIZONA)	DJI PHANTOM 4 PRO
a602b2	N487AZ	ARIZONA DEPARTMENT OF PUBLIC SAFETY (STATE OF ARIZONA)	DJI MAVIC 2 ZOOM
a6034b	N487HB	THROUGH THE BUTTE COUNTY SHERIFFS OFFICE (COUNTY OF BUTTE)	AIRBUS HELICOPTERS AS 350B3
a60669	N488AZ	ARIZONA DEPT OF PUBLIC SAFETY (STATE OF ARIZONA)	DJI MAVIC 2 ENTERP DUAL
a6066d	N488BC	BUTTE COUNTY SHERIFFS OFFICE	BELL 206B
a60a20	N489AZ	ARIZONA DEPT OF PUBLIC SAFETY (STATE OF ARIZONA)	DJI MAVIC 2 PRO
a6165b	N4911S	SANTA BARBARA COUNTY SHERIFFS DEPARTMENT	BELL OH-58A
a62a7d	N497E	KERN COUNTY SHERIFFS DEPARTMENT	BELL OH-58A
a62b61	N497PC	US DEPARTMENT OF HOMELAND SECURITY	PILATUS PC-12/45
a63208	N499FD	NEW CASTLE COUNTY POLICE DEPT (DE)	DJI MATRICE 4T
a6323a	N499HD	NEW CASTLE COUNTY POLICE DEPT (DE)	DJI MATRICE 4T
a6326c	N499KD	NEW CASTLE COUNTY POLICE DEPT (DE)	DJI MATRICE 4T
a63673	N5NJ	DEPT OF LAW AND PUBLIC SAFETY (STATE OF NEW JERSEY)	AGUSTA AEROSPACE CORP AW139
a63a68	N500EV	SNOHOMISH COUNTY SHERIFF	MCDONNELL DOUGLAS HELICOPTER 369E
a63b83	N500SC	SOUTH CAROLINA LAW ENFORCEMENT DIVISION	BELL HELICOPTER TEXTRON CANADA 407
a63b9f	N500TF	PINE BLUFF POLICE DEPARTMENT	CESSNA 172N
a63e64	N501HP	HONOLULU POLICE DEPARTMENT	MD HELICOPTERS INC 369E
a63e80	N501JS	SHELBY COUNTY SHERIFFS OFFICE	BELL 206B
a63f2a	N501RM	POLICE DEPARTMENT-AVIATION SECTION (CITY OF PASADENA)	MD HELICOPTERS INC 369E
a63f65	N501TW	ANDERSON COUNTY SHERIFFS OFFICE	BELL OH-58A
a6421b	N502HP	HONOLULU POLICE DEPARTMENT	MD HELICOPTERS INC 369E
a642f9	N502SL	SC LAW ENFORCEMENT DIVISION	MCDONNELL DOUGLAS HELICOPTER 369E
a64662	N503PH	CITY OF MIAMI POLICE DEPARTMENT	AIRBUS HELICOPTERS INC AS350B2
a64989	N504HP	FLORIDA HIGHWAY PATROL	PILATUS PC-12/45
a64a67	N504SL	SOUTH CAROLINA LAW ENFORCEMENT DIVISION	MD HELICOPTERS INC 369E
a64d34	N505HB	OFFICE OF THE SHERIFF	BELL HELICOPTER TEXTRON CANADA 505
a64da4	N505MP	CITY OF MESA POLICE DEPT	MD HELICOPTERS INC 369FF
a64e48	N505UC	UTAH COUNTY SHERIFF	UTAH COUNTY SHERIFF CCX-2000
a65512	N507MP	MESA POLICE DEPT	MD HELICOPTERS INC 369FF
a6558f	N507SP	INDIANA STATE POLICE (STATE OF INDIANA)	BELL HELICOPTER TEXTRON CANADA 407
a65946	N508SP	LOUISIANA STATE POLICE	BELL HELICOPTER TEXTRON CANADA 407
a65bbe	N509DV	SPOKANE COUNTY SHERIFFS OFFICE	BELL TEXTRON CANADA LTD 505
a65c38	N509JS	SPOKANE COUNTY SHERIFFS OFFICE	BELL UH-1H
a65cf2	N509SC	SPOKANE COUNTY SHERIFFS OFFICE	BELL OH-58A
a65fcb	N51HF	SAN MATEO COUNTY SHERIFF'S OFFICE	CESSNA 206H
a660b4	N51SP	DEPARTMENT OF PUBLIC SAFETY	CESSNA 182Q
a6628f	N510MN	DEKALB COUNTY SHERIFFS OFFICE	BELL OH-58A
a665e3	N511HP	CALIFORNIA HIGHWAY PATROL	CESSNA T206H
a66625	N511LE	SALT RIVER POLICE DEPT	YUNEEC TYPHOON H
a669da	N512LC	LAKE COUNTY SHERIFF DEPARTMENT	BELL OH-58A
a66a6e	N512SA	ALABAMA LAW ENFORCEMENT AGENCY	BELL UH-1H
a66b77	N51216	US DEPARTMENT OF HOMELAND SECURITY	CESSNA T206H
a66d91	N513LC	LAKE COUNTY SHERIFFS DEPT	BELL OH-58
a66ddd	N513PD	POLICE DEPARTMENT (CITY OF DETROIT)	BELL OH-58C
a67108	N514HP	STATE OF OHIO / DEPARTMENT OF PUBLIC SAFETY	CESSNA 182T
a67117	N514JD	CITY OF FRESNO POLICE DEPARTMENT	EUROCOPTER EC120B
a67148	N514LC	LAKE COUNTY SHERIFFS DEPARTMENT	BELL UH-1H
a67194	N514PD	DETROIT PUBLIC SAFETY HEADQUARTERS (CITY OF DETROIT)	BELL OH58A
a674ff	N515LC	LAKE COUNTY SHERIFF DEPARTMENT	BELL UH-1V
a67c51	N517K	DEPARTMENT OF HOMELAND SECURITY	TEXTRON AVIATION INC B300C
a67f83	N518DS	VOLUSIA SHERIFFS OFFICE	BELL TEXTRON CANADA LTD 407
a681e2	N51824	US DEPARTMENT OF HOMELAND SECURITY	CESSNA T206H
a68235	N5185G	LAS VEGAS METROPOLITAN POLICE DEPARTMENT	HUGHES HELICOPTERS INC 369FF
a68a37	N520PD	CITY OF GLENDALE POLICE DEPARTMENT	MD HELICOPTERS INC 500N
a68ba3	N5202Y	U S DEPT OF HOMELAND SECURITY	EUROCOPTER AS 350 B2
a68bb5	N5203F	DALE COUNTY SHERIFFS OFFICE	CESSNA 172F
a68bd9	N5204G	U S DEPT OF HOMELAND SECURITY	EUROCOPTER AS 350 B2
a68be0	N5204P	U S DEPT OF HOMELAND SECURITY	EUROCOPTER AS 350 B2
a68cd6	N521BZ	BAXTER COUNTY SHERIFFS OFFICE	BELL OH-58A
a6903d	N5219E	US DEPARTMENT OF HOMELAND SECURITY	CESSNA T206H
a69164	N522LP	GUERNSEY COUNTY SHERIFFS OFFICE	LEPTRON INDUSTRIAL ROBOTIC HEL LEPTRON R
a693ea	N52285	CALCASIEU PARISH SHERIFFS OFFICE	CESSNA T206H
a695b1	N523SP	ARKANSAS STATE POLICE	CESSNA T206H
a697c2	N52393	RIVERSIDE COUNTY SHERIFFS DEPARTMENT	CESSNA 182P
a698f2	N524MW	POLICE DEPT SKYWATCH OPERATIONS UNIT (CITY OF FRESNO)	EUROCOPTER EC120B
a69968	N524SP	ARKANSAS STATE POLICE	BELL HELICOPTER TEXTRON CANADA 407
a69c4c	N525JC	JACKSON COUNTY SHERIFFS DEPARTMENT	BELL OH-58A
a6a0b1	N526RB	PALM BEACH COUNTY SHERIFFS OFFICE	BELL TEXTRON CANADA LTD 429
a6a56c	N5271B	TEXAS DEPARTMENT OF PUBLIC SAFETY	CESSNA T206H
a6ab5c	N529LE	COLLIER COUNTY SHERIFFS OFFICE	BELL TEXTRON CANADA LTD 429
a6aefc	N53KG	KENTUCKY STATE POLICE	TEXTRON AVIATION INC B300
a6aff0	N53VA	DEPT OF STATE POLICE (COMMONWEALTH OF VIRGINIA)	BELL TEXTRON CANADA LTD 407
a6b0d4	N530EC	EL DORADO COUNTY SHERIFFS OFFICE	AMERICAN EUROCOPTER CORP AS350B3
a6b140	N530JL	LAS VEGAS METROPOLITAN POLICE DEPARTMENT	MD HELICOPTERS INC 369FF
a6b201	N530SD	EAST BATON ROUGE PARISH SHERIFF	BELL OH58A
a6b27a	N530X	OXFORD POLICE DEPARTMENT	MCDONNELL DOUGLAS HELI CO 369FF
a6b4e1	N531HP	FLORIDA HIGHWAY PATROL	CESSNA T206H
a6bcf3	N533QC	CALHOUN COUNTY SHERIFFS OFFICE	BELL OH-58A
a6bd25	N533SC	CALHOUN COUNTY SHERIFFS OFFICE	BELL OH-58A
a6bd88	N533WB	BAY COUNTY SHERIFF'S DEPT	BELL OH-58A
a6bf32	N5339N	MAINE STATE POLICE	CESSNA 182Q
a6c08e	N534P	DEPARTMENT OF HOMELAND SECURITY	AIRBUS HELICOPTERS INC AS350B3
a6c092	N534PD	FRESNO POLICE DEPARTMENT	AIRBUS HELICOPTERS INC AS350B3
a6c50d	N535X	OXFORD POLICE DEPARTMENT	HUGHES 369A
a6c703	N536DA	MICHIGAN DEPARTMENT OF STATE POLICE	AERYON LABS INC SKY RANGER
a6c800	N536PD	WESTCHESTER COUNTY DEPARTMENT OF PUBLIC SAFETY	BELL TEXTRON CANADA LTD 407
a6cbb3	N537P	PUTNAM COUNTY SHERIFFS OFFICE	BELL OH-58A
a6d43e	N5390K	NAVION CUSTOMS LLC	NAVION NAVION B
a6d692	N54LE	WILMINGTON POLICE DEPARTMENT	BELL OH-58C
a6d731	N54SP	INDIANA STATE POLICE	BELL 206L-3
a6d804	N540AZ	ARIZONA DEPARTMENT OF PUBLIC SAFETY (STATE OF ARIZONA)	DJI MAVIC 2 PRO
a6dbbb	N541AZ	ARIZONA DEPARTMENT OF PUBLIC SAFETY (STATE OF ARIZONA)	DJI MAVIC 2 PRO
a6dc39	N541G	DEPARTMENT OF HOMELAND SECURITY	TEXTRON AVIATION INC B300C
a6dcea	N541PB	US DEPARTMENT OF HOMELAND SECURITY	PILATUS PC-12/45
a6df72	N542AZ	ARIZONA DEPARTMENT OF PUBLIC SAFETY (STATE OF ARIZONA)	DJI MAVIC 2 PRO
a6e329	N543AZ	ARIZONA DEPARTMENT OF PUBLIC SAFETY (STATE OF ARIZONA)	DJI MAVIC 2 PRO
a6e6e0	N544AZ	ARIZONA DEPARTMENT OF PUBLIC SAFETY (STATE OF ARIZONA)	DJI MAVIC 2 PRO
a6ea97	N545AZ	ARIZONA DEPARTMENT OF PUBLIC SAFETY (STATE OF ARIZONA)	DJI MAVIC 2 PRO
a6ebc8	N545PD	EUCLID POLICE DEPARTMENT	AUTEL ROBOTICS EVO 2
a6ebde	N545QA	ADAMS COUNTY SHERIFFS OFFICE	DJI INSPIRE 1
a6ec39	N545TS	OCONEE COUNTY SHERIFF DEPT	BELL OH-58A
a6ee4e	N546AZ	ARIZONA DEPARTMENT OF PUBLIC SAFETY (STATE OF ARIZONA)	DJI MAVIC 2 ZOOM
a6f02d	N546WC	CTM CUSTOMS LLC	DJI AGRAS T100
a6f0c7	N5461X	DEPARTMENT OF PUBLIC SAFETY (STATE OF ALASKA)	CESSNA U206G
a6f205	N547AZ	DEPARTMENT OF PUBLIC SAFETY (STATE OF ARIZONA)	DJI MAVIC 2 PRO
a6f4eb	N54741	DEPARTMENT OF PUBLIC SAFETY (STATE OF ALASKA)	PIPER PA-18-150
a6f5bc	N548AZ	ARIZONA DEPT OF PUBLIC SAFETY (STATE OF ARIZONA)	DJI MAVIC 2 PRO
a6f6fe	N548PW	SAN JOAQUIN COUNTY SHERIFFS OFFICE	DIAMOND AIRCRAFT IND GMBH DA 62
a6f973	N549AZ	ARIZONA DEPARTMENT OF PUBLIC SAFETY (STATE OF ARIZONA)	DJI MAVIC 2 PRO
a6fb56	N549WG	CANYON COUNTY SHERIFF'S OFFICE	DRAGANFLY INNOVATIONS INC DRAGANFLYER X6
a7005d	N550KS	KANSAS HIGHWAY PATROL	TEXTRON AVIATION INC 525B
a7044f	N551NA	POLICE DEPT (CA STATE UNIVERSITY MONTEREY BAY)	DJI PHANTOM 2
a704c0	N551SP	ILLINOIS STATE POLICE	TEXTRON AVIATION INC T206H
a70519	N551WC	CALCASIEU PARISH POLICE JURY	LEADING EDGE AERIAL TECH INC PV40X
a70713	N552CH	ORANGE COUNTY SHERIFF'S OFFICE	BELL TEXTRON CANADA LTD 407
a709f3	N5525U	SHERIFFS DEPARTMENT	CESSNA U206G
a70ad0	N553CP	CITY OF COLUMBUS DIVISION OF POLICE	MD HELICOPTERS INC 369FF
a70b4d	N553HP	CALIFORNIA HIGHWAY PATROL	CESSNA T206H
a70f83	N554NR	MD DNR POLICE DEPT	BELL OH-58A+
a715f5	N556CP	DIVISION OF POLICE (CITY OF COLUMBUS)	MD HELICOPTERS INC 369FF
a71749	N556SD	HARRIS COUNTY SHERIFFS OFFICE	AMERICAN EUROCOPTER CORP AS350B3
a71774	N556TX	TEXAS DEPT OF PUBLIC SAFETY	AIRBUS HELICOPTERS INC AS350B3
a719ac	N557CP	DIVISION OF POLICE (CITY OF COLUMBUS)	MD HELICOPTERS INC 369FF
a71fc4	N5582C	ALASKA DEPARTMENT OF PUBLIC SAFETY	PIPER PA-18-150
a724a9	N56AZ	STATE OF ARIZONA DEPARTMENT OF PUBLIC SAFETY	BELL 407
a72a1e	N5606K	GRANT PARISH SHERIFFS OFFICE	BUCKEYE DREAM MACHINE
a72aa1	N561A	US DEPARTMENT OF HOMELAND SECURITY	HAWKER BEECHCRAFT CORP B300C
a72c3f	N561SP	ILLINOIS STATE POLICE	CESSNA 182S
a72ff1	N562SJ	ST JAMES PARISH SHERIFFS OFFICE	DJI PHANTOM 2 VISION
a74523	N568FD	HIGHLAND COUNTY SHERIFFS OFFICE	DJI INSPIRE 1
a749fa	N569SS	BREVARD COUNTY SHERIFFS OFFICE	BELL UH-1H
a7591f	N57265	LOUISIANA STATE POLICE	PILATUS AIRCRAFT LTD PC-12/47E
a75920	N57266	DEPARTMENT OF PUBLIC SAFETY	AERO COMMANDER 500 S
a7622d	N575NE	NEBRASKA STATE PATROL	BELL 407
a76c6f	N578DC	VILLAGE OF LAKE VILLA POLICE DEPARTMENT	AUTEL ROBOTICS EVO II DUAL 640T RUG
a773a7	N58AZ	DEPARTMENT OF PUBLIC SAFETY (STATE OF ARIZONA)	BELL 407
a7740f	N58FC	FLORENCE COUNTY SHERIFF DEPT	BELL OH-58A
a779aa	N581AL	SHELBY COUNTY SHERIFFS OFFICE	BELL OH-58C
a77b32	N581SC	SHELBY COUNTY SHERIFFS OFFICE	BELL 206B
a78aed	N58501	PINELLAS COUNTY SHERIFFS OFFICE	CESSNA 208B
a79ee0	N590RB	PALM BEACH COUNTY SHERIFFS OFFICE	LOCKHEED MARTIN INDAGO LE
a7a61e	N592PD	WESTCHESTER COUNTY DEPT OF PUBLIC SAFETY TRNSPN	BELL HELICOPTER TEXTRON CANADA 407
a7a9d4	N593PC	US DEPARTMENT OF HOMELAND SECURITY	PILATUS PC-12/45
a7c06a	N599SD	PIMA COUNTY SHERIFFS DEPARTMENT	AMERICAN EUROCOPTER CORP AS350B3
a7c34a	N6HP	DEPARTMENT OF PUBLIC SAFETY (STATE OF OHIO)	CESSNA 182T
a7c3c2	N6NJ	NEW JERSEY STATE POLICE	BELL 206-L4
a7c624	N60NT	POLICE DEPARTMENT AIR SUPPORT UNIT (CITY OF ONTARIO)	AIRBUS HELICOPTERS INC AS350B3
a7c6a5	N60TX	TEXAS DEPARTMENT OF PUBLIC SAFETY	EUROCOPTER AS 350 B2
a7c7fc	N600HP	KANSAS HIGHWAY PATROL	TEXTRON AVIATION INC 208B
a7c8d2	N600SC	SOUTH CAROLINA LAW ENFORCEMENT DIVISION	BELL TEXTRON CANADA LTD 412EP
a7c8d3	N600SD	JEFFERSON COUNTY SHERIFFS OFFICE	BELL UH-1H
a7ca94	N6007H	POLICE FACILITY DESIGN GROUP PA	COMMANDER AIRCRAFT CO 114-B
a7cc8a	N601SD	JEFFERSON COUNTY SHERIFFS OFFICE	MITSUBISHI MU-2B-35
a7cec5	N602AZ	ARIZONA DEPARTMENT OF PUBLIC SAFETY (STATE OF ARIZONA)	DJI M300 RTK
a7d041	N602SD	JEFFERSON COUNTY SHERIFF'S OFFICE	BELL 407
a7d764	N604PD	NASSAU COUNTY POLICE DEPARTMENT	BELL HELICOPTER TEXTRON CANADA 429
a7d925	N6045C	ORANGE COUNTY SHERIFFS DEPARTMENT RNSP	CESSNA T206H
a7d9d1	N605	NEW YORK STATE POLICE	PARTENAVIA S.P.A. P 68 OBSERVER
a7dae8	N605MC	MANATEE COUNTY SHERIFFS OFFICE	BELL TEXTRON CANADA LTD 505
a7db1b	N605PD	NASSAU COUNTY POLICE DEPT	BELL 407
a7ded2	N606PD	NASSAU COUNTY POLICE DEPARTMENT	BELL HELICOPTER TEXTRON CANADA 429
a7e2de	N607SP	NEW MEXICO STATE POLICE AIRCRAFT SECTION	AIRBUS HELICOPTERS DEUTSCHLAND MBB-BK 11
a7e2ec	N607TC	DEPARTMENT OF PUBLIC SAFETY (STATE OF ALASKA)	TEXTRON AVIATION INC 208
a7e68b	N608SD	SNOHOMISH COUNTY SHERIFFS OFFICE	BELL UH-1H
a7e7f0	N6084W	U S DEPT OF HOMELAND SECURITY	EUROCOPTER AS 350 B2 ECUREUIL
a7e847	N6087C	U S DEPT OF HOMELAND SECURITY	EUROCOPTER AS 350 B2 ECUREUIL
a7e869	N6088B	US DEPARTMENT OF HOMELAND SECURITY	EUROCOPTER AS 350 B2 ECUREUIL
a7eb79	N6093K	US DEPARTMENT OF HOMELAND SECURITY	EUROCOPTER AS 350 B2 ECUREUIL
a7ee03	N61SP	NEW YORK STATE POLICE	BELL UH-1H
a7eebe	N610A	US DEPARTMENT OF HOMELAND SECURITY	HAWKER BEECHCRAFT CORP B300C
a7f075	N610TP	CITY OF TAMPA POLICE DEPT	BELL HELICOPTER TEXTRON CANADA 206L-4
a7f195	N6103X	US DEPARTMENT OF HOMELAND SECURITY	EUROCOPTER AS 350 B2 ECUREUIL
a7f2f5	N611FC	FLAGLER COUNTY SHERIFFS OFFICE	BELL HELICOPTER TEXTRON CANADA 505
a7f332	N611HP	FLORIDA HIGHWAY PATROL	CESSNA 182T
a7ff7a	N614VE	OFFICE OF HOMELAND SECURITY	DJI PHANTOM 3 PROFESSION
a80348	N615WC	WILLIAMSON COUNTY SHERIFF OFFICE	BELL OH-58A
a80ab6	N617WC	WILLIAMSON COUNTY SHERIFF'S OFFICE	BELL UH-1V
a80cd2	N618DS	VOLUSIA SHERIFFS OFFICE	BELL TEXTRON CANADA LTD 407
a816fa	N620HP	DEPARTMENT OF PUBLIC SAFETY	CESSNA T206H
a81709	N620JD	WAUKESHA POLICE DEPT	DJI PHANTOM 3 PROFESSION
a8184d	N620XC	CHEROKEE SHERIFFS OFFICE	DJI PHANTOM 3 PROFESSION
a81a73	N621FB	POLICE AIR SUPPORT UNIT (CITY OF PHOENIX)	AIRBUS HELICOPTERS INC AS350B3
a81c6f	N6211	DEPARTMENT OF HOMELAND SECURITY	AIRBUS HELICOPTERS INC AS350B3
a81e2a	N622FB	POLICE AIR SUPPORT UNIT (CITY OF PHOENIX)	AIRBUS HELICOPTERS INC AS350B3
a820f8	N6227	AUSTIN POLICE DEPT	AMERICAN EUROCOPTER CORP AS350B3
a82214	N623HC	HERNANDO COUNTY SHERIFFS OFFICE	BELL OH-58C
a8230b	N623T	IMMIGRATION AERO LLC	BEECH K35
a82598	N624FB	POLICE AIR SUPPORT UNIT (CITY OF PHOENIX)	AIRBUS HELICOPTERS INC AS350B3
a8294f	N625FB	POLICE AIR SUPPORT UNIT (CITY OF PHOENIX)	AIRBUS HELICOPTERS INC AS350B3
a82f24	N62619	BRUNSWICK COUNTY SHERIFFS OFFICE	BELL UH-1H
a83dd4	N630AZ	ARIZONA DEPARTMENT OF PUBLIC SAFETY (STATE OF ARIZONA)	DJI MAVIC 2 PRO
a83e96	N630JT	DALE COUNTY SHERIFFS OFFICE	BELL OH-58C
a8416f	N63097	HERNANDO COUNTY SHERIFF	BELL OH-58A
a8418b	N631AZ	ARIZONA DEPARTMENT OF PUBLIC SAFETY (STATE OF ARIZONA)	DJI MAVIC 2 PRO
a8426d	N631L	DEPARTMENT OF HOMELAND SECURITY	BEECHCRAFT CORP B300C
a84305	N631SB	SAN BERNARDINO COUNTY SHERIFFS DEPT	EUROCOPTER AS 350 B3
a84311	N631SP	ILLINOIS STATE POLICE	DJI INSPIRE 1
a8431f	N631TC	TUSCALOOSA POLICE DEPARTMENT	BELL OH-58
a846d6	N632TC	ETOWAH COUNTY SHERIFFS OFFICE	BELL OH-58C
a846dd	N632TK	KENTUCKY STATE POLICE	CESSNA 182T
a848f9	N633AZ	ARIZONA DEPARTMENT OF PUBLIC SAFETY (STATE OF ARIZONA)	DJI MAVIC 2 PRO
a84b3c	N6330C	LOS ANGELES COUNTY SHERIFFS DEPARTMENT	CESSNA 210N
a84cb0	N634AZ	ARIZONA DEPARTMENT OF PUBLIC SAFETY (STATE OF ARIZONA)	DJI MATRICE 300 RTK
a84ef6	N6340F	MASSACHUSETTS STATE POLICE (COMMONWEALTH OF MASSACHUSETTS)	CESSNA 182P
a85067	N635AZ	ARIZONA DEPARTMENT OF PUBLIC SAFETY (STATE OF ARIZONA)	DJI MATRICE 300 RTK
a851e3	N635SD	OAKLAND COUNTY SHERIFFS OFFICE	AERIAL IMAGERY WORKS LLC DROIDWORX Y-6
a85230	N635VF	HIGHLAND COUNTY SHERIFFS OFFICE	DJI INSPIRE 1
a85452	N636DA	MICHIGAN STATE POLICE	AERYON LABS INC SKY RANGER
a867cc	N6401X	POLICE DEPT (CITY OF MEMPHIS)	BELL 206B
a86819	N64034	DEPARTMENT OF PUBLIC SAFETY (STATE OF LOUISIANA)	CESSNA 172P
a87b5d	N64586	CHARLOTTE COUNTY SHERIFFS OFFICE	BELL UH-1H
a87c5e	N646JS	WASHINGTON STATE PATROL	TEXTRON AVIATION INC T206H
a8815e	N647XW	WILLIAMSON COUNTY SHERIFFS OFFICE	DJI INSPIRE 1
a88b1e	N65HP	OHIO DEPARTMENT OF PUBLIC SAFETY	GIPPSAERO PTY LTD GA8 TC-320
a88cd2	N650AZ	ARIZONA DEPT OF PUBLIC SAFETY (STATE OF ARIZONA)	BRINC LEMUR
a88d77	N650HP	KANSAS HIGHWAY PATROL	AIRBUS HELICOPTERS INC AS350B3
a890a3	N651C	DEPARTMENT OF HOMELAND SECURITY	AIRBUS HELICOPTERS INC AS350B3
a8920f	N651SP	NEW YORK STATE POLICE	CESSNA U206G
a89372	N65144	CANTON POLICE DEPARTMENT	BELL OH-58A
a8a06e	N655MP	METRA POLICE DEPT	YUNEEC H520
a8a425	N656MP	METRA POLICE DEPARTMENT	YUNEEC H520
a8b98e	N661SP	ILLINOIS STATE POLICE	TEXTRON AVIATION INC T206H
a8d33a	N668PD	LOS ANGELES POLICE DEPT AIR SUPPORT DIVISION	AMERICAN EUROCOPTER LLC AS350B2
a8da5e	N67LE	CITY OF WILMINGTON POLICE DEPARTMENT	BELL OH-58C
a8dc75	N670HP	KANSAS HIGHWAY PATROL	AIRBUS HELICOPTERS INC AS350B3
a8dd00	N670PC	SAN DIEGO COUNTY SHERIFFS DEPARTMENT	BELL TEXTRON CANADA LTD 407
a8dd4c	N670SD	MARSHALL COUNTY SHERIFFS OFFICE	BELL OH-58C
a8dd56	N670SP	DEPARTMENT OF PUBLIC SAFETY	BELL UH-1H
a8de3e	N6701L	LAUDERDALE COUNTRY SHERIFFS OFFICE	DJI PHANTOM 3 PROFESSION
a8deb6	N67041	DESOTO COUNTY SHERIFF DEPT	BELL 206B
a8df6d	N67099	SPARTANBURG COUNTY SHERIFFS OFFICE	BELL 206B
a8df87	N671AZ	PIMA COUNTY SHERIFFS DEPT (PIMA COUNTY BOARD OF SUPERVISORS)	TEXTRON AVIATION INC 208
a8e2fb	N67183	DEPARTMENT OF PUBLIC SAFETY (STATE OF LOUISIANA)	BELL 206B
a8e33e	N672AZ	PIMA COUNTY SHERIFFS DEPARTMENT (PIMA COUNTY BOARD OF SUPERVISORS)	TEXTRON AVIATION INC 208
a8e6e8	N673AL	CITRUS COUNTY SHERIFF'S OFFICE	BELL OH-58C
a8ea23	N67363	GEORGIA STATE PATROL AVIATION DIVISION	BELL 206B
a8ec40	N674TC	US DEPARTMENT OF HOMELAND SECURITY	CESSNA T206H
a8ec53	N674TX	TEXAS DEPARTMENT OF PUBLIC SAFETY	AIRBUS HELICOPTERS INC AS350B3
a8f547	N67662	AUSTIN POLICE DEPARTMENT	BELL 206B
a8f852	N67715	GEORGIA STATE PATROL AVIATION DIV	BELL 206B
a8fa16	N678GR	GWINNETT COUNTY POLICE DEPT	DJI MAVIC MINI
a8fc0b	N67817	KING COUNTY SHERIFF'S OFFICE	BELL 206B
a8fcf9	N67880	KING COUNTY SHERIFFS OFFICE	BELL 206B
a8febb	N679SD	BREVARD COUNTY SHERIFF OFFICE	BELL UH-1H
a90097	N6798	DEPARTMENT OF HOMELAND SECURITY	AIRBUS HELICOPTERS INC AS350B3
a90882	N681SD	JEFFERSON COUNTY SHERIFFS OFFICE	BEECH AIRCRAFT CORP C90A
a90f7c	N683MN	ARIZONA LAW ENFORCEMENT AIR SUPPORT	AIRBUS HELICOPTERS EC 130 T2
a92bff	N690PD	BOARD OF POLICE COMMISSIONERS	MD HELICOPTERS INC 369E
a92fb6	N691PD	BOARD OF POLICE COMMISSIONERS	MD HELICOPTERS INC 369E
a9336d	N692PD	BOARD OF POLICE COMMISSIONERS	MD HELICOPTERS INC 369E
a942a2	N696ST	DEPARTMENT OF STATE POLICE (STATE OF MICHIGAN)	BELL HELICOPTER TEXTRON CANADA 407
a9479c	N6974A	DEPARTMENT OF HOMELAND SECURITY	AMERICAN EUROCOPTER CORP AS350B3
a94805	N6977A	DEPARTMENT OF HOMELAND SECURITY	AMERICAN EUROCOPTER CORP AS350B3
a94aea	N6981A	DEPARTMENT OF HOMELAND SECURITY	AMERICAN EUROCOPTER CORP AS350B3
a94c41	N699BC	BUTLER COUNTY SHERIFF	BELL OH-58A
a94d9f	N699RC	BRUNSWICK COUNTY SHERIFFS OFFICE	BELL OH-58A
a95111	N7NJ	DEPT OF LAW AND PUBLIC SAFETY (STATE OF NEW JERSEY)	AGUSTA AEROSPACE CORP AW139
a96089	N703JP	DEPARTMENT OF HOMELAND SECURITY	SIKORSKY HH-60L
a9620b	N7030	GRIPP CUSTOMS FARMING CORP	DJI AGRAS T30
a96440	N704JP	DEPARTMENT OF HOMELAND SECURITY	SIKORSKY HH-60L
a96694	N7046	DEPARTMENT OF PUBLIC SAFETY (STATE OF ALASKA)	ALASKA DEPT OF PUBLIC SAFETY PA-18 150
a966fd	N7049	DEPARTMENT OF PUBLIC SAFETY (STATE OF ALASKA)	PIPER PA-18-150
a967fe	N705JW	TULARE COUNTY SHERIFF	CESSNA T206H
a9699c	N7051	DEPARTMENT OF PUBLIC SAFETY (STATE OF ALASKA)	PIPER PA-18-150
a96a05	N7054	DEPARTMENT OF PUBLIC SAFETY (STATE OF ALASKA)	PIPER PA-18-150
a96a28	N7055	DEPARTMENT OF PUBLIC SAFETY (STATE OF ALASKA)	PIPER PA-18
a96a4b	N7056	DEPARTMENT OF PUBLIC SAFETY (STATE OF ALASKA)	PIPER PA-18
a96ab4	N7059	STATE OF ALASKA DEPARTMENT OF PUBLIC SAFETY	PIPER PA-18-150
a96b7e	N706GR	GWINNETT COUNTY POLICE DEPARTMENT	DJI MAVIC MINI
a96b95	N706HP	FLORIDA HIGHWAY PATROL	CESSNA R182
a97126	N70713	DEPARTMENT OF PUBLIC SAFETY (STATE OF ALASKA)	CESSNA A185E
a97127	N70714	DEPARTMENT OF PUBLIC SAFETY (STATE OF ALASKA)	PIPER PA-18-150
a97128	N70715	DEPARTMENT OF PUBLIC SAFETY (STATE OF ALASKA)	CESSNA 208
a9738f	N708PD	POLICE AIR SUPPORT UNIT (EAST BAY REGIONAL PARK DISTRICT)	EUROCOPTER AS 350 B3
a9754d	N7085	DEPARTMENT OF PUBLIC SAFETY (STATE OF ALASKA)	PIPER PA-18-150
a9775e	N709QC	BILLINGS COUNTY SHERIFFS DEPARTMENT	PHYSICAL SCIENCES INC INSTANTEYE MK-2 GE
a977a8	N709TB	BILLINGS COUNTY SHERIFFS DEPARTMENT	PHYSICAL SCIENCES INC INSTANTEYE MK-2 GE
a977f8	N709WG	SAN DIEGO CO SHERIFF DEPT	BELL TEXTRON CANADA LTD 407
a97a71	N71HP	OHIO DEPARTMENT OF PUBLIC SAFETY	AIRBUS HELICOPTERS INC AS350B3
a97aa3	N71KP	KING COUNTY DEPARTMENT OF PUBLIC SAFETY	BELL UH-1H
a97ab1	N71LC	LEE COUNTY SHERIFFS OFFICE	AIRBUS HELICOPTERS INC AS350B3
a97b90	N71VA	VIRGINIA STATE POLICE	BELL TEXTRON CANADA LTD 407
a97d56	N710PD	CHINO POLICE DEPARTMENT	BELL TEXTRON CANADA LTD 505
a98687	N7125E	TRINITY COUNTY SHERIFFS DEPARTMENT	CESSNA 182B
a98752	N713BG	ADAMS COUNTY SHERIFFS DEPT	DJI PHANTOM 3 PROFESSION
a9877e	N713DA	EAST BATON ROUGE PARISH SHERIFFS OFFICE	DJI PHANTOM 2 VISION +
a987b1	N713FB	EAST BATON ROUGE PARISH SHERIFFS OFFICE	DJI PHANTOM 2 VISION +
a98c1f	N714NK	DEPARTMENT OF PUBLIC SAFETY (STATE OF ALASKA)	CESSNA A185F
a98f5d	N715HP	OHIO DEPARTMENT OF PUBLIC SAFETY	CESSNA 182S
a99257	N716A	US DEPARTMENT OF HOMELAND SECURITY	HAWKER BEECHCRAFT CORP B300C
a99425	N716UM	MIAMI DADE SHERIFF'S OFFICE	DJI PHANTOM PRO PLUS
a99643	N717CC	HILLSBOROUGH COUNTY SHERIFFS OFFICE	AIRBUS HELICOPTERS INC AS350B3
a99644	N717CD	HILLSBOROUGH COUNTY SHERIFFS OFFICE	AIRBUS HELICOPTERS INC AS350B3
a996cb	N717HP	OHIO DEPARTMENT OF PUBLIC SAFETY	TEXTRON AVIATION INC 208B
a997ac	N717SP	MINNESOTA STATE PATROL	BELL TEXTRON CANADA LTD 429
a99a21	N718DS	VOLUSIA SHERIFFS OFFICE	BELL TEXTRON CANADA LTD 407
a99c89	N7183C	DEPARTMENT OF PUBLIC SAFETY (STATE OF ALASKA)	ROBINSON HELICOPTER R44
a9a0ae	N7196H	DEPARTMENT OF PUBLIC SAFETY (STATE OF ALASKA)	ROBINSON HELICOPTER R44
a9a1f0	N72HP	OHIO DEPARTMENT OF PUBLIC SAFETY	AIRBUS HELICOPTERS INC AS350B3
a9a230	N72LC	LEE COUNTY SHERIFFS OFFICE	EUROCOPTER FRANCE AS350B2
a9a449	N720HP	TENNESSEE HIGHWAY PATROL DEPARTMENT OF SAFETY	BELL HELICOPTER TEXTRON CANADA 407
a9a52c	N720SR	INDIAN RIVER COUNTY SHERIFFS OFFICE	BELL OH-58A
a9ae61	N72271	DEPARTMENT OF HOMELAND SECURITY	SIKORSKY UH-60L
a9b5de	N7248F	CALHOUN COUNTY SHERIFFS OFFICE	BELL OH-58A
a9b8ca	N7252N	DEPT OF HOMELAND SECURITY	BELL UH-1N
a9b933	N7255N	DEPT OF HOMELAND SECURITY	BELL UH-1N
a9b956	N7256N	DEPT OF HOMELAND SECURITY	BELL UH-1N
a9c015	N7271N	DEPT OF HOMELAND SECURITY	BELL UH-1N
a9c038	N7272N	DEPT OF HOMELAND SECURITY	BELL UH-1N
a9c05b	N7273N	DEPT OF HOMELAND SECURITY	BELL UH-1N
a9c07e	N7274N	DEPT OF HOMELAND SECURITY	BELL UH-1N
a9c0d0	N72760	DEPARTMENT OF HOMELAND SECURITY	SIKORSKY UH-60
a9c0d1	N72761	DEPARTMENT OF HOMELAND SECURITY	SIKORSKY UH-60
a9c0d3	N72763	DEPARTMENT OF HOMELAND SECURITY	SIKORSKY UH-60M
a9c0d4	N72764	DEPARTMENT OF HOMELAND SECURITY	SIKORSKY UH-60
a9c96f	N73HP	OHIO STATE HIGHWAY PATROL	EUROCOPTER AS 350 B2
a9c9af	N73LC	LEE COUNTY SHERIFFS OFFICE	AIRBUS HELICOPTERS AS 350B3
a9cbc8	N730HP	TENNESSEE HIGHWAY PATROL DEPARTMENT OF SAFETY	BELL HELICOPTER TEXTRON CANADA 407
a9d056	N731SD	HARRIS COUNTY SHERIFFS OFFICE	BELL OH-58A
a9d47c	N732WQ	LOS ANGELES COUNTY SHERIFFS DEPARTMENT	CESSNA T210M
a9d5b4	N7326S	STATE OF ALASKA DEPARTMENT OF PUBLIC SAFETY	CESSNA 182P
a9dc03	N734XQ	SUMTER COUNTY SHERIFFS OFFICE	CESSNA 172N
a9df5b	N735TV	EL PASO POLICE DEPARTMENT	CESSNA 182Q
a9e6be	N737TJ	STANISLAUS COUNTY SHERIFFS DEPARTMENT	CESSNA 172N
a9e74c	N737ZA	SHERIFFS OFFICE (COUNTY OF SANTA CRUZ)	CESSNA 172N
a9e8c3	N738A	U S MARSHALS SERVICE	BOEING 737-7AX
a9ea1e	N738PX	MACOMB COUNTY SHERIFFS AVIATION DIVISION	CESSNA 172N
a9ec57	N7389A	AUGLAIZE COUNTY SHERIFFS OFFICE	DJI PHANTOM 3 ADVANCED
a9f046	N74AW	MONROE COUNTY SHERIFF'S OFFICE	BEECH B200
a9f12e	N74LC	LEE COUNTY SHERIFFS OFFICE	CESSNA T210L
a9f380	N740KW	WILLIAMSON COUNTY SHERIFFS OFFICE	DJI PHANTOM 3 ADVANCED
a9f3b2	N740MW	WILLIAMSON COUNTY SHERIFFS OFFICE	DJI PHANTOM 3 ADVANCED
a9f673	N741C	DEPARTMENT OF HOMELAND SECURITY	AIRBUS HELICOPTERS INC AS350B3
a9f7db	N741SK	UNITED STATES CUSTOMS AND BORDER PROTECTION	LOCKHEED P3B
a9f7dd	N741SM	LAS VEGAS METROPOLITAN POLICE DEPARTMENT	AIRBUS HELICOPTERS INC AS350B3
aa0220	N744HL	OFFICE OF LOUISIANA STATE FIRE MARSHAL	DJI PHANTOM 2 VISION +
aa0f9d	N7475L	OFFICE OF LOUISANA STATE FIRE MARSHAL	DJI PHANTOM 2 VISION +
aa1292	N748ZS	OFFICE OF LOUISIANA STATE FIRE MARSHAL	DJI PHANTOM 2 VISION +
aa1597	N749SP	NEW YORK STATE POLICE	CESSNA U206G
aa169d	N7492F	HOUSTON POLICE DEPT	SCHWEIZER 269C
aa16c0	N7493F	HOUSTON POLICE DEPT	SCHWEIZER 269C
aa1dcc	N751AM	US DEPARTMENT OF HOMELAND SECURITY	EUROCOPTER AS 350 B3
aa20ae	N7514K	AL ETOWAH CO SHERIFF DEPT	BELL OH-58C
aa2183	N752AM	US DEPARTMENT OF HOMELAND SECURITY	EUROCOPTER AS 350 B3
aa21c5	N752DC	MISSISSIPPI COUNTY SHERIFF DEPARTMENT	BELL OH-58A
aa23c1	N752ZL	OFFICE OF LOUISIANA STATE FIRE MARSHAL	DJI PHANTOM 2 VISION +
aa253a	N753AM	US DEPARTMENT OF HOMELAND SECURITY	EUROCOPTER AS 350 B3
aa2592	N753E	DEPARTMENT OF HOMELAND SECURITY	AIRBUS HELICOPTERS INC AS350B3
aa28f1	N754AM	US DEPARTMENT OF HOMELAND SECURITY	AMERICAN EUROCOPTER LLC AS350B3
aa2ca8	N755AM	US DEPARTMENT OF HOMELAND SECURITY	EUROCOPTER AS 350 B3
aa2ceb	N755DD	DLD CUSTOMS LLC	XAG P100 PRO
aa3111	N756HQ	MARICOPA COUNTY SHERIFFS OFFICE	CESSNA U206G
aa32db	N7561N	PIERCE COUNTY SHERIFFS DEPARTMENT	CESSNA TU206G
aa3ba4	N759BU	MARIN COUNTY SHERIFFS OFFICE	CESSNA 182Q
aa4682	N761NY	NEW YORK STATE POLICE	SIKORSKY AIRCRAFT CORP S-76D
aa49f3	N762LC	LEON COUNTY SHERIFFS OFFICE	BELL 206B
aa5812	N766CP	DIVISION OF POLICE (CITY OF CLEVELAND)	CESSNA 172M
aa5fcb	N768FP	LEHIGH UNIVERSITY POLICE DEPARTMENT	DJI INSPIRE 1
aa60e2	N768ST	MI STATE POLICE FIELD SUPP AVIATION	BELL UH-1H
aa6491	N769SK	US CUSTOMS & BORDER PROTECTION	LOCKHEED P3B
aa6e5c	N771SP	ILLINOIS STATE POLICE	TEXTRON AVIATION INC T206H
aa7114	N772GJ	POLK COUNTY SHERIFF'S OFFICE	KODIAK AIRCRAFT CO INC KODIAK 100
aa7333	N77227	DEPARTMENT OF HOMELAND SECURITY	SIKORSKY UH-60L
aa74e9	N773HP	FLORIDA HIGHWAY PATROL	CESSNA T206H
aa7641	N773XH	HENDERSONVILLE POLICE NC	DJI PHANTOM 3 PROFESSION
aa786b	N774FL	SACRAMENTO COUNTY SHERIFF'S OFFICE	TEXTRON AVIATION INC T206H
aa7d46	N775TC	US DEPARTMENT OF HOMELAND SECURITY	EUROCOPTER AS 350 B3
aa8695	N77784	SALT RIVER POLICE DEPARTMENT	DJI MAVIC 2 ENTERPRISE
aa86d4	N778AW	WAYNE COUNTY SHERIFFS OFFICE	BELL OH-58A
aa8c44	N779UM	MIAMI-DADE SHERIFF'S OFFICE	DJI MAVIC 2 ENTERP ZOOM
aa9143	N780HP	TENNESSEE DEPARTMENT OF SAFETY & HOMELAND SECURITY	BELL HELICOPTER TEXTRON CANADA 429
aa9459	N781BC	BROWARD COUNTY SHERIFFS OFFICE	AIRBUS HELICOPTERS INC AS350B3
aa9810	N782BC	BROWARD COUNTY SHERIFFS OFFICE	AIRBUS HELICOPTERS INC AS350B3
aa9bc3	N783AZ	STATE OF ARIZONA DEPARTMENT OF PUBLIC SAFETY	BELL TEXTRON CANADA LTD 429
aa9bc7	N783BC	BROWARD COUNTY SHERIFF'S OFFICE	AIRBUS HELICOPTERS INC AS350B3
aaa888	N786TQ	BEAVER COUNTY SHERIFFS OFFICE	WALKERA QR X800
aab46c	N78906	KING COUNTY SHERIFFS OFFICE	BELL 206B
aab6cd	N79MP	MISSOURI STATE HIGHWAY PATROL	CESSNA 182T
aab6f5	N79PD	CLARK COUNTY SHERIFFS OFFICE	BELL OH-58C
aab811	N790AM	US DEPARTMENT OF HOMELAND SECURITY	EUROCOPTER AS 350 B3
aab8c2	N790HP	TENNESSEE DEPARTMENT OF SAFETY & HOMELAND SECURITY	BELL TEXTRON CANADA LTD 429
aab985	N790RJ	KING COUNTY SHERIFFS OFFICE	BELL UH-1H
aaba6a	N7900N	WARREN COUNTY SHERIFFS DEPT	CESSNA R172E
aabbc8	N791AM	US DEPARTMENT OF HOMELAND SECURITY	EUROCOPTER AS 350 B3
aabf7f	N792AM	US DEPARTMENT OF HOMELAND SECURITY	EUROCOPTER AS 350 B3
aac234	N7923	DEPARTMENT OF HOMELAND SECURITY	SIKORSKY UH-60A
aac24f	N79232	DEPARTMENT OF HOMELAND SECURITY	SIKORSKY UH-60L
aac336	N793AM	US DEPARTMENT OF HOMELAND SECURITY	EUROCOPTER AS 350 B3
aac6ed	N794AM	US DEPARTMENT OF HOMELAND SECURITY	EUROCOPTER AS 350 B3
aacc11	N795RB	PALM BEACH COUNTY SHERIFFS OFFICE	BELL HELICOPTER TEXTRON CANADA 429
aace5b	N796AM	US DEPARTMENT OF HOMELAND SECURITY	EUROCOPTER AS 350 B3
aade5d	N8NF	POLICE DEPARTMENT (CITY OF PASADENA)	BELL 206B
aae0c2	N80NT	LOS ANGELES INTERAGENCY METROPOLITAN POLICE	EUROCOPTER AS 350 B2
aae2f3	N800MC	MARTIN COUNTY SHERIFFS DEPARTMENT	BELL OH-58A
aae5f0	N801DS	PASCO SHERIFFS OFFICE	BELL HELICOPTER TEXTRON CANADA 407
aae6ab	N801MD	MIAMI-DADE SHERIFF'S OFFICE	DJI MAVIC 2 ENTERP DUAL
aae6b7	N801MR	US DEPARTMENT OF HOMELAND SECURITY	BOMBARDIER INC DHC-8-202
aaea6e	N802MR	DEPARTMENT OF HOMELAND SECURITY	BOMBARDIER INC DHC-8-202
aaed5e	N803DS	PASCO SHERIFFS OFFICE	BELL HELICOPTER TEXTRON CANADA 407
aaee25	N803MR	DEPARTMENT OF HOMELAND SECURITY	BOMBARDIER INC DHC-8-202
aaee64	N803QD	DOVER DELAWARE POLICE DEPARTMENT	DJI PHANTOM 4
aaf1dc	N804MR	US DEPARTMENT OF HOMELAND SECURITY	BOMBARDIER INC DHC-8-315
aaf287	N804UM	MIAMI DADE POLICE DEPT	DJI PHANTOM PRO PLUS
aaf3f7	N8046V	ST BERNARD PARISH POLICE JURY	CESSNA 188
aaf593	N805MR	US DEPARTMENT OF HOMELAND SECURITY	BOMBARDIER INC DHC-8-202
aaf60b	N805SL	COUNTY OF SAN LUIS OBISPO SHERIFFS OFFICE	CESSNA 182R
aaf94a	N806MR	US DEPARTMENT OF HOMELAND SECURITY	BOMBARDIER INC DHC-8-300
aaf9ed	N806UD	DOVER DELAWARE POLICE DEPARTMENT	DJI INSPIRE 1
aafbea	N807AM	US DEPARTMENT OF HOMELAND SECURITY	EUROCOPTER AS 350 B3
aafbfc	N807BE	DOVER DELAWARE POLICE DEPT	DJI PHANTOM 4 PRO
aafd01	N807MR	US DEPARTMENT OF HOMELAND SECURITY	BOMBARDIER INC DHC-8-315
ab00b8	N808MR	US DEPARTMENT OF HOMELAND SECURITY	BOMBARDIER INC DHC-8-315
ab0a7f	N810MR	US DEPARTMENT OF HOMELAND SECURITY	BOMBARDIER INC DHC-8-315
ab0dc2	N811H	DEPARTMENT OF HOMELAND SECURITY	TEXTRON AVIATION INC B300C
ab0ed2	N811TX	QUEEN ANNES COUNTY SHERIFFS OFFICE	AUTO GYRO GMBH MTOSPORT
ab1564	N813KB	DEPARTMENT OF HOMELAND SECURITY	SIKORSKY HH-60L
ab1608	N813RR	INDIAN RIVER COUNTY SHERIFFS OFFICE	BELL 206B
ab1838	N814A	DEPARTMENT OF HOMELAND SECURITY	HAWKER BEECHCRAFT CORP B300C
ab191b	N814KB	DEPARTMENT OF HOMELAND SECURITY	SIKORSKY HH-60L
ab194e	N814MC	MARTIN COUNTY SHERIFFS OFFICE	AIRBUS HELICOPTERS INC AS350B3
ab1a19	N814VF	ALLEGHENY COUNTY SHERIFF'S OFFICE	DJI PHANTOM 4
ab1cd2	N815KB	DEPARTMENT OF HOMELAND SECURITY	SIKORSKY HH-60L
ab1d82	N815SC	SNOHOMISH COUNTY SHERIFFS OFFICE	BELL UH-1H
ab2055	N816H	DEPARTMENT OF HOMELAND SECURITY	TEXTRON AVIATION INC B300C
ab2089	N816KB	DEPARTMENT OF HOMELAND SECURITY	SIKORSKY HH-60L
ab2440	N817KB	DEPT OF HOMELAND SECURITY	SIKORSKY HH-60L
ab2698	N8176S	BLADEN COUNTY SHERIFF DEPARTMENT NORTH CAROLINA	BELL OH-58A+
ab27f7	N818KB	DEPARTMENT OF HOMELAND SECURITY	SIKORSKY HH-60L
ab2bae	N819KB	DEPARTMENT OF HOMELAND SECURITY	SIKORSKY HH-60L
ab2c8a	N819TX	TEXAS DEPARTMENT OF PUBLIC SAFETY	AMERICAN EUROCOPTER CORP AS350B3
ab2f2d	N82GW	GWINNETT COUNTY POLICE DEPT	DJI MAVIC 2 ENTERP DUAL
ab2f81	N82LE	COLLIER COUNTY SHERIFFS OFFICE	CESSNA 182T
ab3198	N820HP	TENNESSEE DEPT OF SAFETY AND HOMELAND SECURITY	BELL OH-58A
ab31be	N820KB	DEPARTMENT OF HOMELAND SECURITY	SIKORSKY HH-60L
ab3861	N822AZ	ARIZONA DEPARTMENT OF PUBLIC SAFETY	BELL TEXTRON CANADA LTD 429
ab399c	N822PP	MASSACHUSETTS STATE POLICE	AIRBUS HELICOPTERS DEUTSCHLAND EC135T3
ab3c6b	N823EG	WASHINGTON STATE PATROL	TEXTRON AVIATION INC T206H
ab3cd4	N823JM	MASSACHUSETTS STATE POLICE	AIRBUS HELICOPTERS DEUTSCHLAND EC135T2+
ab3ce3	N823KB	DEPARTMENT OF HOMELAND SECURITY	SIKORSKY HH-60L
ab3e10	N823XC	CLARK COUNTY SHERIFF'S OFFICE	BELL OH-58A
ab3fbf	N824AH	MASSACHUSETTS STATE POLICE	EUROCOPTER DEUTSCHLAND GMBH EC 135 T2+
ab4176	N824TX	TEXAS DEPARTMENT OF PUBLIC SAFETY	AIRBUS HELICOPTERS INC AS350B3
ab448d	N825MM	MASSACHUSETTS STATE POLICE	EUROCOPTER DEUTSCHLAND GMBH EC 135 T2+
ab4c7e	N827ST	MI STATE POLICE FIELD SUPP AVIATION	BELL UH-1H
ab4c9b	N827TX	TEXAS DEPARTMENT OF PUBLIC SAFETY	AIRBUS HELICOPTERS AS 350B3
ab4db8	N82732	DEPARTMENT OF PUBLIC SAFETY (STATE OF ALASKA)	PIPER PA-18-150
ab4dbb	N82735	DEPARTMENT OF PUBLIC SAFETY (STATE OF ALASKA)	PIPER PA-18-150
ab4dbc	N82736	DEPARTMENT OF PUBLIC SAFETY (STATE OF ALASKA)	PIPER PA-18-150
ab4e4a	N82778	BAY COUNTY SHERIFFS OFFICE	BELL OH-58C
ab4e91	N82799	SHERIFF CHRISTOPHER J	CHAMPION 7AC
ab4f4d	N828HL	OFFICE OF LOUISIANA STATE FIRE MARSHAL	DJI INSPIRE 1 PRO
ab4f91	N828LD	OFFICE OF LOUISIANA STATE FIRE MARSHAL	DJI INSPIRE 2
ab4fca	N828NL	OFFICE OF LOUISIANA STATE FIRE MARSHAL	DJI INSPIRE 2
ab505b	N828UF	OFFICE OF LOUISIANA STATE FIRE MARSHAL	DJI INSPIRE 2
ab532d	N829KB	DEPARTMENT OF HOMELAND SECURITY	SIKORSKY HH-60L
ab5722	N83MP	MISSOURI STATE HIGHWAY PATROL	HAWKER BEECHCRAFT CORP B200GT
ab593d	N830KB	DEPARTMENT OF HOMELAND SECURITY	SIKORSKY HH-60L
ab5a43	N830VP	PULASKI COUNTY SHERIFFS OFFICE	BELL OH-58
ab5a58	N830WK	PULASKI COUNTY SHERIFFS OFFICE	BELL OH-58
ab5da3	N831SB	SAN BERNARDINO COUNTY SHERIFFS DEPT	AIRBUS HELICOPTERS INC AS350B3
ab615a	N832SB	SAN BERNARDINO COUNTY SHERIFF'S DEPT	AIRBUS HELICOPTERS INC AS350B3
ab6462	N833KB	DEPARTMENT OF HOMELAND SECURITY	SIKORSKY HH-60L
ab6511	N833SB	SAN BERNARDINO COUNTY SHERIFFS DEPT	AIRBUS HELICOPTERS INC AS350B3
ab68c8	N834SB	SAN BERNARDINO COUNTY SHERIFF'S DEPT	AIRBUS HELICOPTERS INC AS350B3
ab6c1c	N835NC	NEW CASTLE COUNTY POLICE	DJI MATRICE 210 V1
ab6c7f	N835SB	SAN BERNARDINO COUNTY SHERIFFS DEPT	AIRBUS HELICOPTERS INC AS350B3
ab7036	N836SB	SAN BERNARDINO COUNTY SHERIFFS DEPT	AIRBUS HELICOPTERS INC AS350B3
ab7294	N837CG	COLUMBUS OFFICE OF HOMELAND SECURITY	DJI INSPIRE 1
ab74ff	N8372F	CITY OF HOUSTON POLICE DEPARTMENT	MCDONNELL DOUGLAS HELICOPTER 369E
ab76f5	N838KB	DEPARTMENT OF HOMELAND SECURITY	SIKORSKY HH-60L
ab7b5a	N839SA	US DEPARTMENT OF HOMELAND SECURITY	CESSNA T206H
ab816d	N840SD	MARSHALL COUNTY SHERIFFS OFFICE	BELL OH-58C
ab876e	N842BP	US DEPARTMENT OF HOMELAND SECURITY	AEROSPATIALE AS350 B2 ECUREUIL
ab87e1	N842GD	HABERSHAM COUNTY SHERIFFS OFFICE	DJI MAVIC PRO
ab8b25	N843BP	US DEPARTMENT OF HOMELAND SECURITY	AEROSPATIALE AS350 B2 ECUREUIL
ab8edc	N844BP	US DEPARTMENT OF HOMELAND SECURITY	EUROCOPTER AS 350 B3
ab9074	N844TX	TEXAS DEPARTMENT OF PUBLIC SAFETY	AIRBUS HELICOPTERS INC AS350B3
ab9293	N845BP	US DEPARTMENT OF HOMELAND SECURITY	EUROCOPTER AS 350 B3
ab964a	N846BP	US DEPARTMENT OF HOMELAND SECURITY	EUROCOPTER AS 350 B3
ab9a01	N847BP	US DEPARTMENT OF HOMELAND SECURITY	EUROCOPTER AS 350 B3
ab9b6d	N847SC	ST CHARLES PARISH SHERIFFS OFFICE	DJI MAVIC 3T
ab9db8	N848BP	US DEPARTMENT OF HOMELAND SECURITY	EUROCOPTER AS 350 B3
aba16f	N849BP	US DEPARTMENT OF HOMELAND SECURITY	EUROCOPTER AS 350 B3
aba282	N849NP	METROPOLITAN NASHVILLE POLICE	AIRBUS HELICOPTERS INC AS350B3
aba2af	N849QJ	JOHNSTON COUNTY SHERIFFS OFFICE	DJI MATRICE 210 V1
aba77f	N850BP	US DEPARTMENT OF HOMELAND SECURITY	EUROCOPTER AS 350 B3
abab7f	N851EM	LOS ANGELES POLICE DEPARTMENT	BEECH C-12C
abac7a	N851QN	NEW CASTLE COUNTY POLICE	DJI MAVIC PRO
abb13a	N85203	SALT RIVER POLICE DEPARTMENT	DJI MAVIC 2 ENTERPRISE
abb1ec	N85256	SALT RIVER POLICE DEPARTMENT	DJI INSPIRE 1
abb2a4	N853BP	US DEPARTMENT OF HOMELAND SECURITY	EUROCOPTER AS 350 B3
abb44b	N853UM	MIAMI-DADE SHERIFF'S OFFICE	DJI MATRICE 210RTK
abb5a6	N85359	BLADEN COUNTY SHERIFFS OFFICE	BELL OH-58C
abb65b	N854BP	US DEPARTMENT OF HOMELAND SECURITY	EUROCOPTER AS 350 B3
abb7b4	N854RJ	PASADENA POLICE DEPARTMENT	BELL OH-58A
abb84c	N854XL	OFFICE OF LOUSIANA STATE FIRE MARSHAL	DJI MATRICE 210 V1
abbd67	N8558M	A & C CUSTOMS LLC	BEECH P35
abbdc9	N856BP	US DEPARTMENT OF HOMELAND SECURITY	EUROCOPTER AS 350 B3
abcc93	N86AW	MOHAVE COUNTY SHERIFF'S OFFICE	CESSNA 414A
abcd9f	N86MP	MISSOURI STATE HIGHWAY PATROL	KODIAK AIRCRAFT CO INC KODIAK 200
abd6de	N862GC	CANYON COUNTY SHERIFFS OFFICE	DJI MATRICE 200
abd947	N86245	DEPARTMENT OF HOMELAND SECURITY	SIKORSKY UH-60L
abde18	N864EA	JONES COUNTY SHERIFFS OFFICE	DJI MAVIC 2 ENTERP DUAL
abe578	N866DM	ORANGE COUNTY SHERIFFS OFFICE	CESSNA T206H
abf7f8	N870ST	PENNSYLVANIA STATE POLICE	TEXTRON AVIATION INC B300
abf8b4	N8700F	HOUSTON POLICE DEPARTMENT	SCHWEIZER 269C
abfa5c	N871DD	WAUKESHA POLICE DEPARTMENT	DJI MATRICE 210RTK
abfad6	N871JA	BUFFALO COUNTY SHERIFFS OFFICE	DJI MAVIC 2 ENTERP DUAL
abfbaf	N871ST	PENNSYLVANIA STATE POLICE	BELL HELICOPTER TEXTRON CANADA 407
abff66	N872ST	PENNSYLVANIA STATE POLICE	BELL HELICOPTER TEXTRON CANADA 407
ac00c7	N87246	DEPARTMENT OF HOMELAND SECURITY	SIKORSKY UH-60L
ac031d	N873ST	PENNSYLVANIA STATE POLICE	BELL HELICOPTER TEXTRON CANADA 407
ac06d4	N874ST	PENNSYLVANIA STATE POLICE	BELL HELICOPTER TEXTRON CANADA 407
ac0a8b	N875ST	PENNSYLVANIA STATE POLICE	BELL HELICOPTER TEXTRON CANADA 407
ac0e42	N876ST	PENNSYLVANIA STATE POLICE	BELL HELICOPTER TEXTRON CANADA 407
ac0e7c	N876VA	DEPARTMENT OF STATE POLICE (COMMONWEALTH OF VIRGINIA)	KODIAK AIRCRAFT CO INC KODIAK 100
ac1085	N877BW	WILLIAMSON COUNTY SHERIFF OFFICE	DJI INSPIRE 1
ac1267	N877XC	CRAIG CO SHERIFFS OFFICE	DJI MAVIC 2 ENTERPRISE
ac153d	N878NC	CAVUGA NATION POLICE DEPT	YUNEEC H520
ac15b0	N878ST	PENNSYLVANIA STATE POLICE	TEXTRON AVIATION INC 208B
ac1967	N879ST	PENNSYLVANIA STATE POLICE	PILATUS AIRCRAFT LTD PC-12/47E
ac1b3d	N8798H	NAVION CUSTOMS LLC	RYAN NAVION
ac1b86	N88AK	DEPARTMENT OF PUBLIC SAFETY (STATE OF ALASKA)	PIPER PA-18-150
ac1d10	N88SD	CITY OF CHICAGO DEPARTMENT OF POLICE	BELL HELICOPTER HH-1N
ac22d6	N881PE	CITY OF EDINA MN POLICE DEPT	DJI MATRICE 210 V2
ac232a	N881SP	ILLINOIS STATE POLICE	CESSNA 182S
ac2431	N8812G	GWINNETT COUNTY POLICE DEPARTMENT	DJI MATRICE 210 V2
ac249a	N8815G	GWINNETT COUNTY POLICE DEPARTMENT	DJI MAVIC 2 ENTERPRISE
ac2672	N882NC	NIAGARA COUNTY SHERIFFS DEPARTMENT	BELL OH-58C
ac2753	N882XC	SAVANNAH POLICE DEPARTMENT	DJI MAVIC 2 ENTERP DUAL
ac2a8e	N883SD	POLICE AIR SUPPORT UNIT (CITY OF SAN DIEGO)	AIRBUS HELICOPTERS INC AS350B3
ac2e45	N884SD	CITY OF SAN DIEGO POLICE AIR SUPPORT UNIT	AIRBUS HELICOPTERS INC AS350B3
ac2e4f	N884SP	SAVANNAH POLICE DEPT	DJI MAVIC 2 ENTERPRISE
ac455f	N890AL	ALAMOSA COUNTY SHERIFFS OFFICE	DJI MAVIC 2 PRO
ac46f2	N890SP	WEST VIRGINIA STATE POLICE	BELL 206B
ac4795	N890ZB	GWINNETT COUNTY POLICE DEPARTMENT	DJI MAVIC MINI
ac4ab8	N891TD	MASSACHUSETTS STATE POLICE	TEXTRON AVIATION INC 208B
ac4e8b	N892UG	KEARNEY POLICE DEPARTMENT	AUTEL ROBOTICS MDCP
ac51a5	N893N	DEPARTMENT OF HOMELAND SECURITY	AIRBUS HELICOPTERS INC AS350B3
ac51f3	N893RC	RIVERSIDE COUNTY SHERIFFS OFFICE CALIFORNIA	PILATUS AIRCRAFT LTD PC-12/47E
ac5985	N895SP	WEST VIRGINIA STATE POLICE	BELL 206B
ac5c54	N896HG	GWINNETT COUNTY POLICE DEPARTMENT	DJI MAVIC 2 ENTERP ZOOM
ac6365	N898DP	GWINNETT COUNTY POLICE DEPT	DJI MAVIC MINI
ac6d28	N90DK	DEKALB COUNTY POLICE	EUROCOPTER AS 350 B2
ac6d90	N90HP	OKLAHOMA DEPARTMENT OF PUBLIC SAFETY	CESSNA 182T
ac6df4	N90MP	MISSOURI HIGHWAY PATROL (STATE OF MISSOURI)	BELL 206B
ac6e82	N90TF	MONTEREY COUNTY SHERIFFS OFFICE	CESSNA U206G
ac6e92	N90TX	TEXAS DEPARTMENT OF PUBLIC SAFETY	AMERICAN EUROCOPTER LLC AS350B2
ac6fe9	N900HP	KANSAS HIGHWAY PATROL	CESSNA 206H
ac715d	N900YL	GWINNETT COUNTY POLICE DEPARTMENT	DJI MATRICE 300 RTK
ac73ad	N901JB	MARTIN COUNTY SHERIFFS OFFICE	AIRBUS HELICOPTERS INC AS350B3
ac73eb	N901LP	LIVINGSTON PARISH SHERIFFS OFFICE	BELL OH-58
ac7499	N901TN	TN DEPT OF PUBLIC SAFETY	BELL OH-58A
ac74ac	N901UG	GWINNETT COUNTY POLICE DEPARTMENT	DJI MAVIC MINI
ac74c5	N901VG	GWINNWTT COUNTY POLICE DEPARTMENT	DJI MAVIC MINI
ac7d0a	N90322	STATE OF ALASKA DEPARTMENT OF PUBLIC SAFETY	CESSNA 206H
ac8265	N905GR	GILA RIVER POLICE DEPARTMENT	DJI PHANTOM 3 PROFESSION
ac835d	N905SP	GEORGIA DEPARTMENT OF PUBLIC SAFETY	BELL OH-58A
ac861c	N906GR	GILA RIVER POLICE DEPARTMENT	DJI INSPIRE 1
ac8714	N906SP	GEORGIA DEPARTMENT OF PUBLIC SAFETY	BELL OH-58A
ac8acf	N907ST	STATE OF ALASKA DEPARTMENT OF PUBLIC SAFETY	PIPER PA-18-150
ac8e82	N908SP	GEORGIA DEPARTMENT OF PUBLIC SAFETY	BELL OH-58A
ac917c	N909K	JEFFERSON COUNTY SHERIFF DEPT	BELL OH-58C
ac92b4	N909XM	MIAMI-DADE POLICE DEPT	DJI MATRICE 210RTK
ac94a7	N91DK	DEKALB POLICE DEPARTMENT	EUROCOPTER AS 350 B2
ac94b9	N91EC	PUTNAM COUNTY SHERIFFS OFFICE	BELL OH-58A
ac9524	N91JK	WASHOE COUNTY SHERIFF DEPT	BELL HH-1H
ac9582	N91ND	STRATFORD POLICE DEPARTMENT	BELL OH-58A
ac9768	N910HP	DEPARTMENT OF PUBLIC SAFETY (STATE OF OHIO)	CESSNA 182T
ac978f	N910KC	KNOX COUNTY SHERIFFS OFFICE	BELL UH-1H
ac9869	N910TW	MULTNOMAH COUNTY SHERIFFS OFFICE	CESSNA R172K
ac9a65	N911AC	ALAMEDA CO SHERIFFS OFFICE	BELL TEXTRON CANADA LTD 505
ac9a68	N911AF	MARION COUNTY SHERIFFS OFFICE	BELL 206A
ac9a6a	N911AH	ST LUCIE COUNTY SHERIFFS OFFICE	BELL OH-58A
ac9a73	N911AS	WASHINGTON DC METROPOLITAN POLICE	EUROCOPTER AS 350 B3
ac9a7a	N911AZ	ARIZONA DEPARTMENT OF PUBLIC SAFETY (STATE OF ARIZONA)	BELL HELICOPTER TEXTRON CANADA 429
ac9a7c	N911BA	MARION COUNTY SHERIFFS OFFICE	BELL 407
ac9a7f	N911BD	SUMTER COUNTY SHERIFFS OFFICE	BELL OH-58C
ac9a95	N911CA	CALIFORNIA HIGHWAY PATROL	RAYTHEON AIRCRAFT COMPANY B300
ac9aa2	N911CP	ST LOUIS COUNTY POLICE DEPARTMENT	HUGHES HELICOPTERS INC 369E
ac9ab4	N911DG	HILLSBOROUGH COUNTY SHERIFFS OFFICE	AIRBUS HELICOPTERS INC AS350B3
ac9ab6	N911DJ	BREVARD COUNTY SHERIFFS OFFICE	BELL OH-58A
ac9afb	N911GC	SACRAMENTO COUNTY SHERIFFS DEPARTMENT	BELL UH-1H
ac9b01	N911GJ	POLK COUNTY SHERIFFS OFFICE	ROBINSON HELICOPTER CO R66
ac9b1c	N911HL	JEFFERSON PARISH SHERIFFS OFFICE	BELL 407
ac9b1e	N911HN	SANTA BARBARA COUNTY SHERIFFS DEPARTMENT	BELL HELICOPTER HH-1N
ac9b35	N911JL	JEFFERSON PARISH SHERIFFS OFFICE	BELL HELICOPTER TEXTRON CANADA 429
ac9b3d	N911JU	BREVARD COUNTY SHERIFFS DEPARTMENT	BELL OH-58A
ac9b40	N911JX	ST LOUIS COUNTY POLICE	HUGHES 369A
ac9b51	N911KP	SANTA BARBARA SHERIFFS DEPT	BELL UH-1H
ac9b57	N911KV	MARION CO SHERIFF OFFICE	BELL 407
ac9b7c	N911MG	MARION COUNTY SHERIFFS DEPARTMENT	BELL OH-58
ac9b88	N911MU	ST LOUIS COUNTY POLICE DEPT	MD HELICOPTERS INC 369E
ac9b9b	N911NN	TEHAMA COUNTY SHERIFF'S OFFICE	BELL UH-1H
ac9b9d	N911NQ	CHARLOTTE COUNTY SHERIFFS OFFICE	EUROCOPTER AS 350 B3
ac9ba2	N911NV	WASHOE COUNTY SHERIFFS OFFICE	BELL HH-1H
ac9ba5	N911NY	ST LOUIS COUNTY (MO) POLICE DEPT	MD HELICOPTERS INC 369E
ac9baf	N911PH	ST LOUIS COUNTY POLICE DEPARTMENT	MCDONNELL DOUGLAS HELICOPTER 369E
ac9bbc	N911PW	BREVARD COUNTY SHERIFFS OFFICE	BELL OH-58A
ac9be7	N911RP	POLICE - AVIATION UNIT (CITY OF RIVERSIDE)	AIRBUS HELICOPTERS INC AS350B3
ac9bf0	N911RY	SACRAMENTO COUNTY SHERIFFS DEPARTMENT	BELL UH-1H
ac9bfd	N911SL	ST LUCIE COUNTY SHERIFFS DEPT	BELL OH-58A
ac9c03	N911SS	MERCED COUNTY SHERIFFS OFFICE	BELL UH-1H
ac9c09	N911SY	ST LUCIE COUNTY SHERIFFS OFFICE	BELL OH-58A
ac9c0a	N911SZ	BERNALILLO COUNTY SHERIFFS DEPARTMENT	BELL UH-1H
ac9c28	N911UD	INDIAN RIVER COUNTY SHERIFF'S OFFICE	BELL 206B
ac9c45	N911VH	COOK COUNTY SHERIFF'S OFFICE	BELL TEXTRON CANADA LTD 429
ac9c59	N911WC	MONTPELIER POLICE DEPT	DJI MAVIC 3T
ac9c5f	N911WJ	POLK COUNTY SHERIFFS OFFICE	ROBINSON HELICOPTER CO R66
ac9c67	N911WS	MARTIN COUNTY SHERIFFS OFFICE	BELL OH-58A
ac9c6d	N911WY	LAS VEGAS METROPOLITAN POLICE DEPARTMENT	MD HELICOPTERS INC 369FF
ac9c8b	N911YC	CHELAN COUNTY SHERIFFS OFFICE	BELL OH-58A
ac9c9f	N911YY	DEPARTMENT OF POLICE (CITY OF CHICAGO)	BELL 206-L4
ac9caf	N911ZP	CITY OF CHICAGO DEPARTMENT OF POLICE	BELL TEXTRON CANADA LTD 429
ac9cb0	N911ZQ	DEPARTMENT OF POLICE (CITY OF CHICAGO)	BELL TEXTRON CANADA LTD 407
ac9cb1	N911ZR	DEPARTMENT OF POLICE (CITY OF CHICAGO)	BELL TEXTRON CANADA LTD 407
ac9cb2	N911ZS	BERNALALILLO COUNTY SHERIFFS OFFICE	CESSNA T41C
ac9cb9	N911ZZ	BERNALILLO COUNTY SHERIFF'S DEPT	EUROCOPTER AS 350 B3
ac9ce4	N9111G	MARYLAND STATE POLICE	PIPER PA-32-301
ac9e2c	N912AU	KNOX COUNTY SHERIFFS OFFICE	BELL OH-58A
ac9e2e	N912AW	KNOX COUNTY SHERIFFS DEPARTMENT	BELL OH-58A
ac9efd	N912KC	KERN COUNTY SHERIFFS OFFICE	AIRBUS HELICOPTERS INC AS350B3
ac9f21	N912LP	DIVISION OF POLICE (LEXINGTON FAYETTE URBAN COUNTY)	BELL OH-58C
ac9f65	N912PG	PRINCE GEORGES COUNTY POLICE DEPARTMENT	MD HELICOPTERS INC 500N
aca042	N912YC	CHELAN COUNTY SHERIFFS OFFICE	BELL OH-58A
aca1ef	N913BF	MIAMI-DADE SHERIFF'S OFFICE	DJI MAVIC 2 ENTERP DUAL
aca240	N913EM	ORANGE COUNTY SHERIFF'S OFFICE	DJI MATRICE 210 V1
aca2b4	N913KC	KERN COUNTY SHERIFFS OFFICE	AIRBUS HELICOPTERS INC AS350B3
aca31c	N913PG	PRINCE GEORGES COUNTY POLICE DEPT	MD HELICOPTERS INC 500N
aca5f7	N914EM	ORANGE COUNTY SHERIFFS OFFICE	DJI INSPIRE 1
aca9ae	N915EM	ORANGE COUNTY SHERIFFS OFFICE	DJI INSPIRE 1
acaad2	N915SD	HARRIS COUNTY SHERIFF'S OFFICE	BELL OH-58A
acb076	N9168S	DEPARTMENT OF HOMELAND SECURITY	GENERAL ATOMICS MQ-9 BLOCK 1
acb0ac	N917A	DEPT OF HOMELAND SECURITY	HAWKER BEECHCRAFT CORP B300C
acb0cb	N917BF	DEPARTMENT OF HOMELAND SECURITY	GENERAL ATOMICS MQ-9 BLOCK 1
acb15c	N917HA	DEPT OF HOMELAND SECURITY	GENERAL ATOMICS MQ-9 BLOCK 1
acb175	N917JA	DEPARTMENT OF HOMELAND SECURITY	GENERAL ATOMICS MQ-9 BLOCK 1
acb1a0	N917KU	DEPARTMENT OF HOMELAND SECURITY	GENERAL ATOMICS MQ-9 BLOCK 1
acb1ad	N917LG	DEPARTMENT OF HOMELAND SECURITY	GENERAL ATOMICS MQ-9 BLOCK 1
acb1f5	N917PD	NEW YORK CITY POLICE DEPARTMENT	BELL HELICOPTER TEXTRON CANADA 429
acb202	N917PS	DEPARTMENT OF HOMELAND SECURITY	GENERAL ATOMICS MQ-9 BLOCK 1
acb234	N917RS	DEPARTMENT OF HOMELAND SECURITY	GENERAL ATOMICS MQ-9 BLOCK 1
acb245	N917SJ	SAN JUAN COUNTY SHERIFF DEPT	BELL OH-58A
acb496	N918CA	CALIFORNIA HIGHWAY PATROL	BEECH A200
acb4d3	N918EM	ORANGE COUNTY SHERIFFS OFFICE	DJI MAVIC PRO
acb509	N918GR	GILA RIVER POLICE DEPARTMENT	DJI MATRICE 600 PRO
acb5ac	N918PD	NEW YORK CITY POLICE DEPARTMENT	BELL HELICOPTER TEXTRON CANADA 429
acb82d	N919AU	KNOX COUNTY SHERIFFS OFFICE	BELL OH-58A
acb82f	N919AW	KNOX COUNTY SHERIFFS DEPART	BELL OH-58A
acb963	N919PD	NEW YORK CITY POLICE DEPARTMENT	BELL HELICOPTER TEXTRON CANADA 429
acbc06	N92CC	CANADIAN CO SHERIFFS OFFICE	CESSNA 172F
acbca7	N92JP	CITY OF JACKSONVILLE SHERIFFS OFFICE	BELL TEXTRON CANADA LTD 407
acbd1a	N92PD	CLARK COUNTY SHERIFFS OFFICE	BELL OH-58C
acbeaa	N920FC	FRESNO COUNTY SHERIFF DEPT	MD HELICOPTERS INC 369FF
acbf73	N920PD	NEW YORK CITY POLICE DEPARTMENT	BELL HELICOPTER TEXTRON CANADA 429
acc1f6	N921AW	JJMB CUSTOMS LLC	BEECH B-60
acc1f9	N921AZ	ARIZONA DEPARTMENT OF PUBLIC SAFETY	BEECH B200
acc32a	N921PD	CITY OF NEW YORK POLICE DEPARTMENT	BELL TEXTRON CANADA LTD 412EP
acc6e1	N922PD	CITY OF NEW YORK POLICE DEPT	BELL TEXTRON CANADA LTD 412EP
acc736	N922SP	GEORGIA DEPARTMENT OF PUBLIC SAFETY	BELL HELICOPTER TEXTRON CANADA 407
acc9bf	N923EM	ORANGE COUNTY SHERIFFS OFFICE	DJI MAVIC PRO
accae3	N923SD	FRESNO COUNTY SHERIFFS DEPARTMENT	CESSNA T206H
accd76	N924EM	ORANGE COUNTY SHERIFFS OFFICE	DJI MATRICE 210 V1
accea4	N924SP	GEORGIA DEPT OF PUBLIC SAFETY	BELL HELICOPTER TEXTRON CANADA 429
accf62	N9240D	MCLENNAN COUNTY SHERIFFS OFFICE	BELL OH-58C
accf6b	N9240N	MC LENNAN COUNTY SHERIFFS DEPT	BELL OH-58A
accf6c	N9240P	MCLENNAN COUNTY SHERIFF'S DEPARTMENT	BELL OH-58A
acd0d5	N925AZ	PINAL COUNTY SHERIFFS OFFICE	BELL OH-58C
acd25b	N925SP	GEORGIA DEPARTMENT OF PUBLIC SAFETY	BELL HELICOPTER TEXTRON CANADA 407
acd89b	N927EM	ORANGE COUNTY SHERIFFS OFFICE	DJI MAVIC 2 ENTERPRISE
acd93e	N927M	DEPARTMENT OF HOMELAND SECURITY	AIRBUS HELICOPTERS INC AS350B3
acd9c9	N927SP	GEORGIA DEPARTMENT OF PUBLIC SAFETY	BELL OH-58C
acdc52	N928EM	ORANGE COUNTY SHERIFFS OFFICE	LOCKHEED MARTIN INDAGO
acdffd	N929E	DEPARTMENT OF HOMELAND SECURITY	AIRBUS HELICOPTERS INC AS350B3
ace0d3	N929NP	METRO NASHVILLE POLICE	AIRBUS HELICOPTERS INC AS350B3
ace158	N929TX	TEXAS DEPARTMENT OF PUBLIC SAFETY	AIRBUS HELICOPTERS INC AS350B3
ace471	N93MP	MISSOURI STATE HIGHWAY PATROL	BELL 407
ace480	N93ND	STRATFORD POLICE DEPT	BELL UH-1H
ace5c5	N930BC	BEAUFORT COUNTY SHERIFFS OFFICE	BELL 206B
ace619	N930EM	ORANGE COUNTY SHERIFFS OFFICE	DJI MAVIC MINI
ace6f2	N930PD	CULLMAN POLICE DEPARTMENT	BELL OH-58
ace747	N930SP	GEORGIA DEPARTMENT OF PUBLIC SAFETY	BELL 407
ace9d0	N931EM	CLACKAMAS COUNTY SHERIFFS OFFICE	CESSNA 182P
acf3f2	N93354	UTAH COUNTY SHERIFF	CESSNA T210L
ad001a	N937EM	ORANGE COUNTY SHERIFFS OFFICE	DJI MAVIC 2 ENTERP DUAL
ad03d1	N938EM	ORANGE COUNTY SHERIFFS OFFICE	DJI MAVIC 2 ENTERPRISE
ad05c6	N9380N	ALASKA DEPARTMENT OF PUBLIC SAFETY	CESSNA A185F
ad0bf0	N94MP	MISSOURI STATE HIGHWAY PATROL	CESSNA 182S
ad0de5	N940HP	KANSAS HIGHWAY PATROL	CESSNA 206H
ad18bd	N943EM	ORANGE COUNTY SHERIFFS OFFICE	DJI MAVIC MINI 2
ad18d5	N943FL	FLORIDA DEPARTMENT OF LAW ENFORCEMENT	TEXTRON AVIATION INC 680A
ad19e0	N943SC	SPALDING COUNTY SHERIFFS OFFICE	BELL OH-58C
ad1d97	N944SC	SPALDING COUNTY SHERIFFS OFFICE	BELL OH-58C
ad1f3c	N9446P	PIERCE COUNTY SHERIFFS DEPARTMENT	CESSNA T206H
ad202b	N945EM	ORANGE COUNTY SHERIFFS OFFICE	DJI MAVIC MINI 2
ad2266	N9452N	ALASKA DEPARTMENT OF PUBLIC SAFETY	CESSNA A185F
ad22db	N94550	OCONEE COUNTY SHERIFF'S DEPT	BELL OH-58C
ad23e2	N946EM	ORANGE COUNTY SHERIFFS OFFICE	DJI MAVIC MINI 2
ad2505	N946SC	SPALDING COUNTY SHERIFFS OFFICE	BELL UH-1V
ad2799	N947EM	ORANGE COUNTY SHERIFFS OFFICE	DJI MAVIC MINI 2
ad336f	N95MP	MISSOURI STATE HIGHWAY PATROL AIRCRAFT DIVISION	BELL TEXTRON CANADA LTD 407
ad337e	N95ND	NEW MILFORD POLICE DEPARTMENT	BELL OH58A
ad3564	N950HP	KANSAS HIGHWAY PATROL	CESSNA 206H
ad3574	N950JE	COUNTY OF LOS ANGELES SHERIFFS DEPT	AIRBUS HELICOPTERS AS332L1
ad35bc	N950MB	LOS ANGELES COUNTY SHERIFFS DEPARTMENT	BEECH B200
ad389e	N951CP	CLEVELAND DVISION OF POLICE (CITY OF CLEVELAND)	MD HELICOPTERS INC 369E
ad395a	N951LB	C/O SHERIFFS DEPT (COUNTY OF LOS ANGELES)	EUROCOPTER AS332L1
ad39e3	N951RP	POLICE AVIATION UNIT (CITY OF RIVERSIDE)	AIRBUS HELICOPTERS INC AS350B3
ad3c55	N952CP	DEPARTMENT OF PUBLIC SAFETY (CITY OF CLEVELAND)	MD HELICOPTERS INC 369E
ad3ce5	N952JH	C/O SHERIFFS DEPT (COUNTY OF LOS ANGELES)	EUROCOPTER AS332L1
ad447e	N954LA	C/O SHERIFFS DEPT (COUNTY OF LOS ANGELES)	AMERICAN EUROCOPTER CORP AS350B2
ad4cb0	N956TX	TEXAS DEPARTMENT OF PUBLIC SAFETY	CESSNA 208
ad535a	N958LA	C/O SHERIFFS DEPT (COUNTY OF LOS ANGELES)	AMERICAN EUROCOPTER CORP AS350B2
ad5cae	N960FL	FLORIDA DEPARTMENT OF LAW ENFORCEMENT	BELL TH-57
ad5daa	N960RN	ORANGE COUNTY SHERIFFS DEPARTMENT RNSP	GIPPSAERO PTY LTD GA8 TC-320
ad6171	N961SD	COUNTY OF LOS ANGELES SHERIFFS DEPARTMENT	EUROCOPTER AS 350 B2
ad648f	N962LA	C/O SHERIFFS DEPARTMENT (COUNTY OF LOS ANGELES)	AMERICAN EUROCOPTER CORP AS350B2
ad67f1	N963GR	GILA RIVER POLICE DEPARTMENT	DJI MAVIC PRO
ad68df	N963SD	SHERIFFS AERO BUREAU (COUNTY OF LOS ANGELES)	EUROCOPTER AS 350 B2
ad7057	N965SP	LOUISIANA STATE POLICE	BELL TEXTRON CANADA LTD 429
ad7b9d	N968TX	TEXAS DEPARTMENT OF PUBLIC SAFETY	TEXTRON AVIATION INC 208
ad7f28	N969SC	ST CHARLES PARISH SHERIFFS OFFICE	DJI MAVIC 3T
ad81b0	N97E	KERN COUNTY SHERIFFS DEPARTMENT	CESSNA T210N
ad842d	N970FL	FLORIDA DEPARTMENT OF LAW ENFORCEMENT	BELL TH-57
ad88fa	N971SP	ILLINOIS STATE POLICE	CESSNA 182S
ad8bb2	N972GJ	POLK COUNTY SHERIFFS OFFICE	CESSNA 182T
ad933e	N974HP	CALIFORNIA HIGHWAY PATROL	AIRBUS HELICOPTERS INC AS350B3
ad96f5	N975HP	CALIFORNIA HIGHWAY PATROL	AIRBUS HELICOPTERS INC AS350B3
ad989b	N9750L	LOUISIANA DEPARTMENT OF PUBLIC SAFETY	CESSNA 172P
ad9aac	N976HP	CALIFORNIA HIGHWAY PATROL	AIRBUS HELICOPTERS INC AS350B3
ada21a	N978HP	CALIFORNIA HIGHWAY PATROL	AIRBUS HELICOPTERS INC AS350B3
ada5d1	N979HP	CALIFORNIA HIGHWAY PATROL OFFICE OF AIR OPERATIONS	AIRBUS HELICOPTERS INC AS350B3
adacb8	N980SD	MARSHALL COUNTY SHERIFF OFFICE	BELL OH-58C
adaee5	N981AK	DEPARTMENT OF PUBLIC SAFETY (STATE OF ALASKA)	CESSNA TU206G
adaf98	N981HP	CALIFORNIA HIGHWAY PATROL	AIRBUS HELICOPTERS INC AS350B3
adb34f	N982HP	CALIFORNIA HIGHWAY PATROL	AIRBUS HELICOPTERS INC AS350B3
adb44c	N982TS	MONROE COUNTY SHERIFFS OFFICE	SIKORSKY S-76C
adb706	N983HP	CALIFORNIA HIGHWAY PATROL	AIRBUS HELICOPTERS INC AS350B3
adbabd	N984HP	CALIFORNIA HIGHWAY PATROL	AIRBUS HELICOPTERS AS 350B3
adbe74	N985HP	CALIFORNIA HIGHWAY PATROL	AIRBUS HELICOPTERS AS 350B3
adc22b	N986HP	CALIFORNIA HIGHWAY PATROL	AIRBUS HELICOPTERS INC AS350B3
adc79e	N98708	MADERA COUNTY SHERIFFS OFFICE	CESSNA 172P
adc999	N988HP	CALIFORNIA HIGHWAY PATROL	AIRBUS HELICOPTERS INC AS350B3
adce96	N989WQ	DEPARTMENT OF HOMELAND SECURITY	GENERAL ATOMICS MQ-9 BLOCK 1
add2bb	N990AZ	SALT RIVER POLICE DEPARTMENT	DJI MAVIC 2 ENTERPRISE
add3ec	N990PD	SALT RIVER POLICE DEPARTMENT	DJI MAVIC PRO
add476	N990US	SALT RIVER POLICE DEPT	DJI INSPIRE 1
add6c1	N991EC	ETOWAH COUNTY SHERIFFS OFFICE	BELL TH-57
add775	N991MH	GEORGIA DEPARTMENT OF PUBLIC SAFETY	BELL HELICOPTER TEXTRON CANADA 407
add7f8	N991SP	ILLINOIS STATE POLICE	CESSNA 182S
adda78	N992EC	ETOWAH COUNTY SHERIFFS OFFICE	BELL TH-57
addba5	N992SD	RIVERSIDE SHERIFFS AVIATION UNIT (COUNTY OF RIVERSIDE)	EUROCOPTER AS 350 B3
ade8ae	N9958H	POLICE DEPARTMENT (CITY OF ALBUQUERQUE)	CESSNA 182R
ade930	N996CS	IOWA STATE PATROL	CESSNA T206H
adea75	N996RS	RIVERSIDE COUNTY SHERIFFS DEPARTMENT	AIRBUS HELICOPTERS INC AS350B3
adf1a4	N998PD	CITY OF MARICOPA POLICE DEPARTMENT	DJI MATRICE 600
c001e9	C-FASU	Regional Municipality of Durham, Durham Regional Police Service	Bell 206B
c006e1	C-FCPS	The City Of Calgary (Calgary Police Service Air Support Unit) Calgary 	AIRBUS HELICOPTERS AS 350 B3
c008d8	C-FDJB	Government Of Canada, Royal Canadian Mounted Police	Airbus MBB-BK117 D-2
c009e7	C-FDTM	Government Of Canada, Royal Canadian Mounted Police	Cessna T206H
c01121	C-FGMQ	Government Of Canada, Royal Canadian Mounted Police	Pilatus PC-12/47E
c01751	C-FIVO	The City Of Calgary (Calgary Police Service Air Support Unit) Calgary 	Aerospatiale AS350 B3
c02137	C-FMPA	Government Of Canada, Royal Canadian Mounted Police	Pilatus PC-12/47E
c02138	C-FMPB	Government Of Canada, Royal Canadian Mounted Police	Pilatus PC-12/45
c0213c	C-FMPF	Government Of Canada, Royal Canadian Mounted Police	Pilatus PC-12/47
c0213d	C-FMPG	Government Of Canada, Royal Canadian Mounted Police	Pilatus PC-24
c0213e	C-FMPH	Government Of Canada, Royal Canadian Mounted Police	Aerospatiale AS350 B3
c02141	C-FMPK	Government Of Canada, Royal Canadian Mounted Police	Pilatus PC-12/47E
c02146	C-FMPP	Government Of Canada, Royal Canadian Mounted Police	Aerospatiale AS350 B3
c02147	C-FMPQ	Government Of Canada, Royal Canadian Mounted Police	Eurocopter EC120B
c02682	C-FOPD	Province Of Ontario, Ministry of the Solicitor General (Ontario Provin	Pilatus PC-12/47E
c02683	C-FOPE	Province Of Ontario, Ministry of the Solicitor General (Ontario Provin	Pilatus PC-12/47E
c0268e	C-FOPP	Province Of Ontario, Ministry of the Solicitor General (Ontario Provin	Eurocopter EC135 P2+
c02691	C-FOPS	Province Of Ontario, Ministry of the Solicitor General (Ontario Provin	Eurocopter EC135 P2+
c02692	C-FOPT	Province Of Ontario, Ministry of the Solicitor General (Ontario Provin	AIRBUS HELICOPTERS EC135 P3H
c02694	C-FOPV	Province Of Ontario, Ministry of the Solicitor General (Ontario Provin	AIRBUS HELICOPTERS EC135 P3H
c02698	C-FOPZ	Province Of Ontario, Ministry of the Solicitor General (Ontario Provin	AIRBUS HELICOPTERS EC135 P3H
c02963	C-FPRM	Government Of Canada, Royal Canadian Mounted Police	Pilatus PC-24
c02e72	C-FRPH	Government Of Canada, Royal Canadian Mounted Police	Cessna 208B
c02e7b	C-FRPQ	Government Of Canada, Royal Canadian Mounted Police	Aerospatiale AS350 B3
c03121	C-FSPS	Saskatoon Board of Police Commissioners	Cessna 182T
c0319a	C-FSUJ	Government Of Canada, Royal Canadian Mounted Police	Cessna 208B
c06548	C-GMJF	Ottawa Police Service	Cessna U206G
c065df	C-GMPA	Government Of Canada, Royal Canadian Mounted Police	Pilatus PC-12/47E
c065e0	C-GMPB	Government Of Canada, Royal Canadian Mounted Police	Pilatus PC-12/47E
c065e3	C-GMPE	Government Of Canada, Royal Canadian Mounted Police	Pilatus PC-12/47E
c065e4	C-GMPF	Government Of Canada, Royal Canadian Mounted Police	Aerospatiale AS350 B3
c065e7	C-GMPI	Government Of Canada, Royal Canadian Mounted Police	QUEST KODIAK 100
c065e8	C-GMPJ	Government Of Canada, Royal Canadian Mounted Police	Dehavilland DHC-6 SERIES 300
c065e9	C-GMPK	Government Of Canada, Royal Canadian Mounted Police	Aerospatiale AS350 B3
c065eb	C-GMPM	Government Of Canada, Royal Canadian Mounted Police	Pilatus PC-12/47E
c065ec	C-GMPN	Government Of Canada, Royal Canadian Mounted Police	Aerospatiale AS350 B3
c065ed	C-GMPO	Government Of Canada, Royal Canadian Mounted Police	Pilatus PC-12/47E
c065ee	C-GMPP	Government Of Canada, Royal Canadian Mounted Police	Pilatus PC-12/45
c065ef	C-GMPQ	Government Of Canada, Royal Canadian Mounted Police	Pilatus PC-12/47E
c065f0	C-GMPR	Government Of Canada, Royal Canadian Mounted Police	Cessna 208
c065f2	C-GMPT	Government Of Canada, Royal Canadian Mounted Police	Eurocopter EC120B
c065f4	C-GMPV	Government Of Canada, Royal Canadian Mounted Police	Pilatus PC-12/47E
c065f5	C-GMPW	Government Of Canada, Royal Canadian Mounted Police	Pilatus PC-12/47E
c065f6	C-GMPX	Government Of Canada, Royal Canadian Mounted Police	Pilatus PC-12/47E
c065f7	C-GMPY	Government Of Canada, Royal Canadian Mounted Police	Pilatus PC-12/45
c06a4f	C-GOGS	Province Of Ontario, Ministry of the Solicitor General (Ontario Provin	Pilatus PC-24
c06c0f	C-GOXY	Province Of Ontario, Ministry of the Solicitor General (Ontario Provin	Cessna T206H
c07318	C-GRPF	The Board of Police Commissioners in and for the City of Regina	Cessna 182T
c085d2	C-GYRP	Regional Municipality of York Police Services Board	Aerospatiale AS350 B3
